,Date,Open,High,Low,Close,Volume,Adj Close,50DayAvgVol,30DaySMA,4WeekSMA,10WeekSMA,30WeekSMA,20.2UpperBB,20.2MiddleBB,20.2LowerBB,12.26.9MACD,12.26.9MACDSignal,12.26.9MACDHist,RSI14,10.4STOC,10.4.4STOC
0,2014-11-18,33.16,33.2,32.89,33.06,447300,33.06,445534.0,30.728,32.0005,29.3006,28.3921333333,35.7186849066,32.0005,28.2823150934,1.21433147021,1.29643709299,-0.0821056227862,73.1916844052,27.5443172644,48.4713543529
1,2014-11-17,33.01,33.44,32.86,33.07,561200,33.07,440034.0,30.5283333333,31.7915,29.214,28.3426666667,35.7123635528,31.7915,27.8706364472,1.28058056628,1.31696349869,-0.0363829324049,73.3903071731,40.7030355564,59.6262763137
2,2014-11-14,33.31,33.52,32.97,33.04,491200,33.04,433568.0,30.3356666667,31.578,29.1292,28.2931333333,35.6588999008,31.578,27.4971000992,1.34549369522,1.32605923179,0.0194344634328,73.1876139057,54.347227685,67.8037036488
3,2014-11-13,33.3,33.66,33.3,33.31,522200,33.31,430514.0,30.13,31.3305,29.0408,28.2380666667,35.6217071728,31.3305,27.0392928272,1.41183018059,1.32120061593,0.0906295646606,78.1633881156,71.2908369059,73.1921790632
4,2014-11-12,33.2,33.46,32.96,33.2,558300,33.2,427336.0,29.9013333333,31.0765,28.9432,28.1826666667,35.4691451029,31.0765,26.6838548971,1.44847303747,1.29854322477,0.149929812707,77.5869287686,72.1640051077,74.9684970596
5,2014-11-11,33.21,33.37,33.08,33.26,1039800,33.26,485602.0,29.671,30.848,28.8532,28.1268666667,35.2504656728,30.848,26.4455343272,1.4853739488,1.26106077159,0.224313177213,78.6383867146,73.4127448967,77.292896083
6,2014-11-10,33.18,33.38,33.16,33.29,692200,33.29,470716.0,29.4406666667,30.6095,28.7686,28.0666,34.9801588748,30.6095,26.2388411252,1.50475840001,1.20498247729,0.299775922721,79.1363123384,75.9011293427,79.9328718442
7,2014-11-07,33.17,33.51,33.09,33.17,570300,33.17,466044.0,29.2143333333,30.338,28.688,28.0111333333,34.6834279421,30.338,25.9925720579,1.50455806827,1.13003849661,0.374519571666,78.6338168869,78.3961088913,83.091787678
8,2014-11-06,33.63,33.95,33.18,33.21,363200,33.21,470648.0,29.0033333333,30.063,28.6044,27.9564666667,34.352503934,30.063,25.773496066,1.49463607295,1.03640860369,0.458227469266,79.2244178913,81.4616012013,86.4126735037
9,2014-11-05,33.64,33.99,33.48,33.6,753400,33.6,465208.0,28.7883333333,29.7895,28.5028,27.9022666667,33.9366892891,29.7895,25.6423107109,1.4561591106,0.921851736373,0.534307374226,85.0046808757,83.9726479413,89.8805688464
10,2014-11-04,33.67,34.08,33.44,33.7,1107100,33.7,452580.0,28.5663333333,29.4815,28.3934,27.8451333333,33.3570349308,29.4815,25.6059650692,1.34615892795,0.788274892816,0.557884035129,86.5074517522,88.5367926781,93.6348816086
11,2014-11-03,33.51,34.38,33.51,33.82,1066500,33.82,433058.0,28.351,29.15,28.281,27.7880666667,32.6405758837,29.15,25.6594241163,1.17599638313,0.648803884034,0.527192499101,88.2458153189,91.6796521943,95.2128821129
12,2014-10-31,33.76,34.71,30.1,33.73,5108500,33.73,413828.0,28.14,28.8235,28.1712,27.7264666667,31.6674147315,28.8235,25.9795852685,0.929483514912,0.517005759259,0.412477755654,88.0789842494,95.333182572,95.8280054907
13,2014-10-30,29.74,30.1,29.62,30.1,201400,30.1,314188.0,27.9286666667,28.4805,28.064,27.6646,30.3688164459,28.4805,26.5921835541,0.610487330165,0.413886320345,0.196601009819,74.5509009941,98.9898989899,94.5682078126
14,2014-10-29,29.84,29.94,29.57,29.86,384700,29.86,311978.0,27.841,28.298,28.0318,27.6244666667,30.229979296,28.298,26.366020704,0.564052384102,0.36473606789,0.199316316212,72.6450975415,94.8487946954,91.7317886336
15,2014-10-28,29.55,29.89,29.37,29.89,285100,29.89,305846.0,27.7676666667,28.1195,28.0,27.5860666667,30.1002925182,28.1195,26.1387074818,0.521016472814,0.314906988838,0.206109483977,73.2820819866,94.1401457055,90.4425225871
16,2014-10-27,29.06,29.56,28.98,29.56,111300,29.56,303242.0,27.6896666667,27.9425,27.9642,27.5472,29.8912213757,27.9425,25.9937786243,0.455454033711,0.263379617843,0.192074415868,70.6537306547,90.2939918594,87.3264779695
17,2014-10-24,29.2,29.33,28.63,29.06,151200,29.06,305108.0,27.614,27.7895,27.9302,27.5130666667,29.6860175981,27.7895,25.8929824019,0.398747734583,0.215361013876,0.183386720707,65.9395960431,87.6442222741,84.3338993801
18,2014-10-23,29.19,29.24,28.95,29.13,236500,29.13,305626.0,27.5586666667,27.6785,27.9052,27.4802,29.5237563508,27.6785,25.8332436492,0.371479000285,0.1695143337,0.201964666585,67.3459806815,89.6917305095,81.928358361
19,2014-10-22,28.97,29.23,28.85,28.95,177300,28.95,305010.0,27.529,27.56,27.8806,27.4502666667,29.3195908615,27.56,25.8004091385,0.324143575776,0.119023167053,0.205120408722,65.5937768942,81.6759672351,79.4826864053
20,2014-10-21,28.87,29.11,28.62,28.88,157800,28.88,304292.0,27.5006666667,27.4595,27.8574,27.421,29.1166719887,27.4595,25.8023280113,0.2773388183,0.0677430648729,0.209595753427,64.9139101596,78.3236775015,80.369932424
21,2014-10-20,28.01,28.91,28.01,28.8,148400,28.8,303504.0,27.4956666667,27.3775,27.8356,27.3927333333,28.9024245883,27.3775,25.8525754117,0.220692181402,0.0153441265161,0.205348054886,64.1624033298,78.0220581979,82.3249565578
22,2014-10-17,28.46,28.48,27.96,28.09,275600,28.09,303574.0,27.4966666667,27.312,27.8136,27.3678666667,28.6926027669,27.312,25.9313972331,0.153325860394,-0.0359928872053,0.1893187476,56.4805709139,79.9090426868,84.8042153987
23,2014-10-16,28.54,28.89,28.2,28.23,525000,28.23,300302.0,27.5143333333,27.277,27.799,27.3473333333,28.6116625042,27.277,25.9423374958,0.137402652703,-0.0833225741053,0.220725226808,58.7878411665,85.2249513099,86.8633810099
24,2014-10-15,28.42,28.97,28.28,28.63,290800,28.63,294034.0,27.521,27.239,27.7748,27.3256,28.5044469566,27.239,25.9735530434,0.100825719938,-0.138503880807,0.239329600745,65.9336940274,86.1437740366,87.3093317392
25,2014-10-14,27.92,28.51,27.92,28.49,232800,28.49,299598.0,27.5233333333,27.1905,27.7506,27.3016,28.3042409932,27.1905,26.0767590068,0.0119464243729,-0.198336280994,0.210282705367,64.5325597288,87.9390935613,87.7796925264
26,2014-10-13,27.73,28.24,27.7,27.86,127100,27.86,298106.0,27.5413333333,27.1435,27.7414,27.2792,28.1025052137,27.1435,26.1844947863,-0.08741509723,-0.250906957335,0.163491860105,57.1720101356,88.1457051316,84.9854020638
27,2014-10-10,27.69,28.2,27.64,27.67,247100,27.67,301098.0,27.588,27.115,27.7492,27.261,28.0194666937,27.115,26.2105333063,-0.148819583389,-0.291779922362,0.142960338973,54.5293589522,87.0087542272,77.3410716119
28,2014-10-09,27.45,27.82,27.41,27.74,229000,27.74,300240.0,27.632,27.1015,27.7648,27.2426666667,27.9801188024,27.1015,26.2228811976,-0.205683933601,-0.327520007105,0.121836073504,55.7052526285,88.0252171855,65.4875148338
29,2014-10-08,27.06,27.44,26.94,27.44,184700,27.44,299326.0,27.645,27.1265,27.7856,27.225,28.0997271061,27.1265,26.1532728939,-0.282399028837,-0.357979025481,0.075579996644,51.5471466778,76.761931711,48.9423205315
30,2014-10-07,27.25,27.26,26.94,27.07,240100,27.07,298662.0,27.668,27.1595,27.811,27.2106666667,28.2143454863,27.1595,26.1046545137,-0.345662309973,-0.376874024642,0.0312117146686,45.7106273027,57.5683833239,32.1669926567
31,2014-10-06,26.9,27.35,26.71,27.29,226400,27.29,295718.0,27.7016666667,27.2425,27.8482,27.2014666667,28.4982209085,27.2425,25.9867790915,-0.383708718842,-0.384676953309,0.000968234466641,48.9673232377,39.5945271148,20.3009389755
32,2014-10-03,26.7,26.9,26.4,26.87,177600,26.87,294334.0,27.7363333333,27.3195,27.8794,27.1927333333,28.7536195905,27.3195,25.8853804095,-0.449088553888,-0.384919011926,-0.0641695419628,41.590187604,21.8444399764,13.1483091254
33,2014-10-02,26.32,26.46,26.09,26.45,326600,26.45,295250.0,27.7863333333,27.407,27.927,27.1834666667,28.9314421931,27.407,25.8825578069,-0.483241164382,-0.368876626435,-0.114364537947,32.5341375806,9.66062021191,10.7735658895
34,2014-10-01,26.36,26.71,26.2,26.29,393600,26.29,291296.0,27.8543333333,27.506,27.9802,27.1762,29.0261499926,27.506,25.9858500074,-0.477039715747,-0.340285491948,-0.136754223799,28.6192421632,10.104168599,11.63626892
35,2014-09-30,26.49,26.65,26.23,26.35,462200,26.35,295394.0,27.9203333333,27.6265,28.0352,27.1677333333,29.1238880593,27.6265,26.1291119407,-0.445894743625,-0.306096935999,-0.139797807627,29.2094514987,10.9840077141,12.0247127607
36,2014-09-29,26.64,26.97,26.48,26.5,302600,26.5,288792.0,27.9786666667,27.7605,28.0802,27.1585333333,29.2566346865,27.7605,26.2643653135,-0.405765782936,-0.271147484092,-0.134618298844,30.6781492374,12.345467033,12.3776488085
37,2014-09-26,26.79,27.01,26.63,26.84,157300,26.84,288036.0,28.024,27.8985,28.1182,27.1486666667,29.4131521053,27.8985,26.3838478947,-0.363917316269,-0.237492909381,-0.126424406888,34.3091090237,13.1114323338,12.6193429258
38,2014-09-25,26.96,26.96,26.54,26.76,129100,26.76,287086.0,28.0563333333,28.006,28.1436,27.1356666667,29.5100398931,28.006,26.5019601069,-0.339828294213,-0.205886807659,-0.133941486555,32.5652868969,11.6579439617,14.1435539257
39,2014-09-24,26.85,27.2,26.64,26.94,178200,26.94,287172.0,28.0943333333,28.0745,28.1704,27.1222666667,29.46588025,28.0745,26.68311975,-0.295993530874,-0.17240143602,-0.123592094854,34.4774736331,12.3957519054,15.9655875432
40,2014-09-23,27.5,27.61,27.2,27.24,194600,26.88,289502.0,28.1226666667,28.134,28.193,27.1077333333,29.4243394902,28.134,26.8436605098,-0.254066345217,-0.141503412306,-0.11256293291,37.9237555179,13.3122435021,17.0915270178
41,2014-09-22,27.34,27.64,27.16,27.49,181900,27.13,291268.0,28.141,28.176,28.2062,27.0859333333,29.4001960627,28.176,26.9518039373,-0.227401954139,-0.113362679079,-0.11403927506,41.102992285,19.2082763338,17.271004332
42,2014-09-19,27.56,27.61,27.21,27.39,935900,27.03,291834.0,28.148,28.218,28.2164,27.0621333333,29.4021553952,28.218,27.0338446048,-0.215515375648,-0.0848528603139,-0.130662515334,39.2101343246,18.9460784314,15.5686754506
43,2014-09-18,27.73,27.73,27.34,27.47,187200,27.11,279096.0,28.147,28.267,28.2276,27.039,29.3895524487,28.267,27.1444475513,-0.18702719182,-0.0521872314803,-0.134839960339,40.1691432917,16.8995098039,13.3935557087
44,2014-09-17,27.57,27.74,27.22,27.66,164800,27.29,281314.0,28.132,28.318,28.2366,27.0152666667,29.3822480914,28.318,27.2537519086,-0.156090968943,-0.0184772413954,-0.137613727548,42.4593607437,14.0301527588,14.7434709808
45,2014-09-16,27.28,27.57,27.18,27.55,115200,27.19,283836.0,28.124,28.3485,28.2404,26.9897333333,29.3696615935,28.3485,27.3273384065,-0.133680139469,0.0159261904915,-0.14960632996,40.6399411213,12.3989608083,20.2609079127
46,2014-09-15,27.49,27.49,27.2,27.29,137000,26.93,289204.0,28.14,28.376,28.2482,26.9656,29.3375487507,28.376,27.4144512493,-0.0919313332744,0.0533277729815,-0.145259106256,36.2131905613,10.2455994638,27.7704114081
47,2014-09-12,28.61,28.88,27.28,27.4,201300,27.04,289052.0,28.172,28.4045,28.264,26.9417333333,29.2639760032,28.4045,27.5450239968,-0.0108347648843,0.0896425495455,-0.10047731443,37.3061545858,22.2991708923,37.3880498242
48,2014-09-11,28.01,28.26,27.91,28.24,173800,27.87,289898.0,28.207,28.425,28.2784,26.9162,29.2033957862,28.425,27.6466042138,0.0816315426227,0.114761878153,-0.0331303355303,47.4641110194,36.0999004865,43.9864597155
49,2014-09-10,28.74,28.74,28.03,28.1,144300,27.73,292914.0,28.225,28.408,28.2804,26.8852666667,29.2160990038,28.408,27.5999009962,0.112937534494,0.123044462036,-0.0101069275419,45.1528777949,42.4369747899,47.9516806723
50,2014-09-09,28.84,28.88,28.56,28.73,172300,28.35,296412.0,28.2453333333,28.3925,28.2818,26.8554666667,29.2348033895,28.3925,27.5501966105,0.165507181798,0.125571193921,0.039935987877,55.3228584896,48.7161531279,52.9470121382
51,2014-09-08,28.64,28.85,28.55,28.83,237900,28.45,309714.0,28.252,28.3455,28.2748,26.8238666667,29.211790367,28.3455,27.479209633,0.166052336259,0.115587196952,0.0504651393068,57.2225209808,48.6928104575,59.9699276874
52,2014-09-05,28.36,28.63,28.3,28.62,338500,28.24,312096.0,28.2526666667,28.289,28.2684,26.7910666667,29.1688158898,28.289,27.4091841102,0.154151026697,0.102970912125,0.0511801145721,54.1526457413,51.9607843137,66.2536408278
53,2014-09-04,28.68,28.68,28.21,28.43,363300,28.05,310158.0,28.2736666667,28.226,28.2688,26.7628666667,29.1793603726,28.226,27.2726396274,0.158100249378,0.0901758834821,0.0679243658958,51.2110958025,62.4183006536,69.6272832121
54,2014-09-03,29.13,29.22,28.57,28.7,3471600,28.32,307132.0,28.2963333333,28.1555,28.2806,26.7366666667,29.2378950296,28.1555,27.0731049704,0.180186708154,0.0731947920081,0.106991916146,55.9477306099,76.8078153247,67.0672294879
55,2014-09-02,29.22,29.36,29.02,29.03,295500,28.65,243488.0,28.3076666667,28.0915,28.2864,26.7085333333,29.1888108037,28.0915,26.9941891963,0.178265254327,0.0464468129717,0.131818441356,62.5094390158,73.8276630191,58.8862250342
56,2014-08-29,29.13,29.43,28.96,29.26,458600,28.87,259730.0,28.2933333333,28.0415,28.284,26.6786666667,29.0508022342,28.0415,27.0321977658,0.139619831381,0.0134922026328,0.126127628748,67.6438673179,65.4553538508,53.4689895437
57,2014-08-28,28.88,29.1,28.75,28.99,800500,28.61,259458.0,28.2646666667,27.991,28.2702,26.6436666667,28.8396671904,27.991,27.1423328096,0.0648452030902,-0.0180397045542,0.0828849076444,64.4619303585,52.178085757,53.8718955655
58,2014-08-27,28.2,28.2,27.96,28.13,91200,27.76,251862.0,28.2353333333,27.964,28.2534,26.612,28.7122352571,27.964,27.2157647429,-0.00404670724537,-0.0387609314653,0.0347142242199,49.8856331455,44.0837975098,61.4293086501
59,2014-08-26,28.1,28.2,28.02,28.13,122000,27.76,257080.0,28.2343333333,27.9965,28.2514,26.5873333333,28.8231141784,27.9965,27.1698858216,-0.00435533887739,-0.0474394875203,0.0430841486429,49.8856331455,52.1587210572,73.3182024782
60,2014-08-25,28.47,28.47,27.9,28.08,131000,27.71,262388.0,28.2323333333,28.0255,28.2586,26.5632666667,28.907644546,28.0255,27.143355454,-0.00468591468587,-0.058210524681,0.0535246099951,48.8335727791,67.066977938,82.7699626417
61,2014-08-22,28.34,28.45,28.12,28.33,105000,27.96,265266.0,28.2263333333,28.068,28.2638,26.5394666667,29.0344284764,28.068,27.1015715236,5.12182231063e-05,-0.0715916771798,0.0716428954029,54.1073260137,82.4077380952,85.873690843
62,2014-08-21,28.48,28.78,28.35,28.37,126500,28.0,268108.0,28.2153333333,28.094,28.2606,26.5108,29.1137332985,28.094,27.0742667015,-0.0193577680381,-0.0895024010305,0.0701446329924,54.9896282671,91.6393728223,82.4705257084
63,2014-08-20,28.25,28.49,28.06,28.49,90900,28.11,271102.0,28.2013333333,28.138,28.2638,26.483,29.2712007766,28.138,27.0047992234,-0.0479218520583,-0.107038559279,0.0591167072203,57.6064175734,89.9657617112,73.5477554709
64,2014-08-19,28.21,28.31,28.13,28.27,78100,27.9,278248.0,28.1823333333,28.169,28.2692,26.4538,29.370863553,28.169,26.967136447,-0.095901146905,-0.121817736084,0.0259165891787,53.869318659,79.4818907434,63.5391717413
65,2014-08-18,28.08,28.14,27.94,28.1,154900,27.73,287016.0,28.1683333333,28.2075,28.288,26.4259333333,29.4677519589,28.2075,26.9472480411,-0.133345248373,-0.128296883378,-0.00504836499416,50.7544248429,68.7950775566,54.8084031253
66,2014-08-15,27.99,28.08,27.69,27.86,204600,27.49,289174.0,28.163,28.2325,28.3096,26.3976,29.5030254818,28.2325,26.9619745182,-0.161888879724,-0.12703479213,-0.034854087594,45.9719788345,55.9482918723,46.5118026138
67,2014-08-14,27.95,27.99,27.77,27.81,177100,27.44,291970.0,28.1703333333,28.2595,28.3348,26.3732,29.5201264316,28.2595,26.9988735684,-0.171529821853,-0.118321270231,-0.0532085516213,44.9375212236,49.9314267929,38.872459222
68,2014-08-13,27.77,28.05,27.7,27.9,205700,27.53,295652.0,28.1806666667,28.2745,28.3546,26.3473333333,29.5204289707,28.2745,27.0285710293,-0.176249281488,-0.105019132326,-0.0712301491623,46.4231703637,44.5588162792,31.3371641489
69,2014-08-12,27.75,27.89,27.71,27.79,141400,27.42,295678.0,28.1953333333,28.2845,28.3634,26.3190666667,29.5214231989,28.2845,27.0475768011,-0.188873038602,-0.0872115950354,-0.101661443566,44.3345557376,35.6086755109,23.6041751873
70,2014-08-11,27.79,28.04,27.66,27.79,118400,27.42,295670.0,28.208,28.2985,28.3654,26.2922666667,29.5189470492,28.2985,27.0780529508,-0.191038298937,-0.0617962341439,-0.129242064794,44.3345557376,25.3909183049,17.73393291
71,2014-08-08,27.32,27.71,27.28,27.7,151900,27.33,299264.0,28.2276666667,28.304,28.3646,26.2624,29.5161947038,28.304,27.0918052962,-0.1910232196,-0.0294857179455,-0.161537501654,42.7603602871,19.7902465009,15.9786029605
72,2014-08-07,27.13,27.45,27.07,27.36,112000,27.0,300456.0,28.2546666667,28.319,28.3616,26.2321333333,29.5081324569,28.319,27.1298675431,-0.17906181696,0.0108986574681,-0.189960474428,36.4566732098,13.6268604327,17.9693761088
73,2014-08-06,27.28,27.45,26.91,27.02,211600,26.66,302892.0,28.2973333333,28.3485,28.3706,26.2030666667,29.4682548839,28.3485,27.2287451161,-0.126572000253,0.0583887760751,-0.184960776328,29.2184283086,12.1277064013,24.1247569878
74,2014-08-05,28.03,28.03,26.95,27.42,569000,27.06,302720.0,28.364,28.3935,28.3898,26.1809333333,29.3576011358,28.3935,27.4293988642,-0.0231166778345,0.104628970157,-0.127745647992,33.3711288382,18.369598507,34.4165754327
75,2014-08-04,28.35,28.35,27.85,28.03,158200,27.66,293862.0,28.4163333333,28.415,28.3944,26.1570666667,29.3078493714,28.415,27.5221506286,0.0685389035484,0.136565382155,-0.0680264786066,41.7797493466,27.7533390941,45.5394305167
76,2014-08-01,28.42,28.46,28.09,28.25,276700,27.88,294622.0,28.4456666667,28.4105,28.3776,26.1272666667,29.3119316391,28.4105,27.5090683609,0.12241873428,0.153572001807,-0.0311532675267,45.630227382,38.2483839487,56.5691457019
77,2014-07-31,28.73,28.73,28.26,28.45,204200,28.07,292478.0,28.4563333333,28.402,28.3568,26.0979333333,29.3124855847,28.402,27.4915144153,0.167008354824,0.161360318688,0.00564803613583,49.4796738059,53.2949801811,67.5758566293
78,2014-07-30,28.81,28.85,28.35,28.78,183300,28.4,292512.0,28.4463333333,28.3855,28.3322,26.0684,29.3038349062,28.3855,27.4671650938,0.201128076249,0.159948309654,0.0411797665943,56.8244807191,62.8610188427,76.2684894873
79,2014-07-29,29.01,29.01,28.68,28.71,151500,28.33,293092.0,28.4213333333,28.3635,28.3054,26.0365333333,29.263883807,28.3635,27.463116193,0.208151748667,0.149653368006,0.058498380661,55.5240778056,71.872199835,84.4013741788
80,2014-07-28,28.89,29.07,28.7,28.93,92900,28.55,292298.0,28.414,28.3365,28.2864,26.0033333333,29.2260229058,28.3365,27.4469770942,0.221216119664,0.135028772841,0.086187346823,60.8748738306,82.2752276583,90.4089755106
81,2014-07-25,29.19,29.33,28.8,28.85,157200,28.47,295164.0,28.3943333333,28.309,28.2574,25.9671333333,29.1564408534,28.309,27.4615591466,0.212273318723,0.113481936135,0.0987913825877,59.5589144971,88.0655116131,92.8667604078
82,2014-07-24,29.18,29.36,29.15,29.25,223400,28.86,295208.0,28.3716666667,28.292,28.2286,25.9356,29.1084214598,28.292,27.4755785402,0.205916895431,0.0887840904879,0.117132804943,70.5808818043,95.3925576088,92.7190623721
83,2014-07-23,29.14,29.18,29.04,29.11,128900,28.73,294780.0,28.3476666667,28.2615,28.1876,25.9000666667,28.9710709972,28.2615,27.5519290028,0.154081360314,0.0595008892521,0.0945804710621,68.6982549214,95.9026051621,87.6049339018
84,2014-07-22,28.76,29.1,28.68,29.04,598500,28.66,295148.0,28.336,28.257,28.1518,25.8654,28.9458279901,28.257,27.5681720099,0.0999337302516,0.0358557714866,0.064077958765,67.7397652233,92.1063672471,78.2410882586
85,2014-07-21,28.39,28.63,28.23,28.6,132100,28.22,286724.0,28.3416666667,28.2545,28.1138,25.8307333333,28.9322160172,28.2545,27.5767839828,0.0364953554408,0.0198362817954,0.0166590736455,60.7192571214,87.4747194702,66.9649012
86,2014-07-18,28.08,28.44,28.07,28.4,264800,28.02,289196.0,28.361,28.27,28.0838,25.7990666667,28.9913875519,28.27,27.5486124481,-0.0002059208514,0.015671513384,-0.0158774342354,56.7462693485,74.9360437277,53.8660245163
87,2014-07-17,28.09,28.2,28.01,28.11,109800,27.74,288938.0,28.385,28.2785,28.055,25.7705333333,29.0097530342,28.2785,27.5472469658,-0.0266834637429,0.0196408719428,-0.0463243356857,49.9272431729,58.4472225895,42.0516747228
88,2014-07-16,28.21,28.23,27.95,28.1,133400,27.73,291800.0,28.408,28.2805,28.03,25.7464,29.0101156522,28.2805,27.5508843478,-0.0305630408336,0.0312219558643,-0.0617849966979,49.6731953592,47.0016190127,32.9182929365
89,2014-07-15,27.9,28.08,27.78,28.07,294700,27.7,292748.0,28.416,28.277,28.0074,25.723,29.0107056631,28.277,27.5432943369,-0.0340520568173,0.0466682050387,-0.0807202618561,48.9517029115,35.0792127355,25.0906694112
90,2014-07-14,28.0,28.0,27.81,27.9,282900,27.53,292796.0,28.41,28.298,27.9834,25.6995333333,29.0308465051,28.298,27.5651534949,-0.0349554618464,0.0668482705028,-0.101803732349,44.7866604657,27.6786445536,19.5924358987
91,2014-07-11,28.05,28.05,27.77,28.0,210200,27.63,290806.0,28.405,28.32,27.9544,25.6792666667,29.029788701,28.32,27.610211299,-0.0182910011839,0.0922992035901,-0.110590204774,46.8757285714,21.9136954442,16.2441093221
92,2014-07-10,27.75,28.05,27.62,27.95,299000,27.58,297782.0,28.39,28.3285,27.9222,25.6579333333,29.0267342014,28.3285,27.6302657986,-0.00693685683028,0.119946754784,-0.126883611614,45.699773082,15.6911249113,15.7964259047
93,2014-07-09,27.85,28.06,27.73,27.92,298100,27.55,295902.0,28.3853333333,28.3575,27.8864,25.6342,29.0384074827,28.3575,27.6765925173,0.0127469689714,0.151667657687,-0.138920688716,45.0217327752,13.0862786858,17.3183787052
94,2014-07-08,27.93,28.04,27.77,27.85,290900,27.48,294728.0,28.3873333333,28.3995,27.8548,25.6136,29.0708411949,28.3995,27.7281588051,0.0407398234459,0.186397829866,-0.14565800642,43.4929397848,14.2853382469,20.3195302313
95,2014-07-07,28.06,28.21,27.83,27.94,383600,27.57,294198.0,28.3806666667,28.4675,27.824,25.5992666667,29.1768623898,28.4675,27.7581376102,0.0830035784524,0.222812331471,-0.139808753019,44.9864177978,20.1229617749,24.3063352045
96,2014-07-03,28.1,28.1,27.92,28.08,129400,27.71,293122.0,28.3556666667,28.5295,27.7914,25.5856666667,29.2600470553,28.5295,27.7989529447,0.126576537338,0.257764519726,-0.131187982388,47.3341894655,21.7789361133,28.2872226677
97,2014-07-02,28.24,28.24,27.8,28.12,243600,27.75,299012.0,28.3266666667,28.5815,27.7528,25.5672,29.3246090095,28.5815,27.8383909905,0.166095818863,0.290561515322,-0.12446569646,47.9987765315,25.0908847902,35.9723336006
98,2014-07-01,28.2,28.58,28.14,28.34,324600,27.97,305378.0,28.2966666667,28.6155,27.7044,25.5503333333,29.3328137389,28.6155,27.8981862611,0.21004812628,0.321677939437,-0.111629813157,51.7064333401,30.2325581395,45.4934787529
99,2014-06-30,28.44,28.44,28.04,28.17,319200,27.8,308874.0,28.2666666667,28.6155,27.6516,25.5334,29.3328137389,28.6155,27.8981862611,0.240692007729,0.349585392727,-0.108893384997,48.8726668695,36.0465116279,55.3670131175
100,2014-06-27,28.34,28.72,28.25,28.38,837400,28.0,315212.0,28.253,28.6015,27.594,25.5178,29.3626379638,28.6015,27.8403620362,0.293612859939,0.376808738976,-0.0831958790369,52.3995234878,52.519379845,63.2551666261
101,2014-06-26,28.53,28.73,28.4,28.51,357000,28.13,304848.0,28.223,28.57,27.5392,25.4997333333,29.4129472107,28.57,27.7270527893,0.335506560615,0.397607708735,-0.0621011481203,54.6672374174,63.1754653992,62.749951412
102,2014-06-25,28.61,28.83,28.42,28.64,241600,28.26,305202.0,28.1863333333,28.522,27.4818,25.4806,29.4752596708,28.522,27.5687403292,0.370861697687,0.413132995765,-0.0422712980785,56.9560822704,69.7266955981,55.1555323276
103,2014-06-24,28.94,29.08,28.81,29.02,212000,28.28,308776.0,28.1383333333,28.4805,27.4046,25.4629333333,29.4807094781,28.4805,27.4802905219,0.397356993401,0.423700820285,-0.0263438268838,64.2586650334,67.5991256621,44.4653207437
104,2014-06-23,29.03,29.25,28.9,28.99,289400,28.25,316780.0,28.0816666667,28.4285,27.3242,25.4418666667,29.4192022762,28.4285,27.4377977238,0.386703978209,0.430286777006,-0.0435827987968,63.9195387624,50.4985189887,34.1816037213
105,2014-06-20,28.76,29.18,28.67,28.91,1107600,28.17,407220.0,28.02,28.3615,27.241,25.4182,29.3722873169,28.3615,27.3507126831,0.370536617317,0.441182476705,-0.070645859388,63.0514336669,32.7977890617,29.6098284182
106,2014-06-19,28.16,28.66,28.16,28.57,445000,27.84,400600.0,27.9596666667,28.2755,27.1472,25.3914,29.3738710666,28.2755,27.1771289334,0.3526570168,0.458843941552,-0.106186924753,59.1750166871,26.9658492623,32.7030264827
107,2014-06-18,27.99,28.21,27.96,28.15,420700,27.43,393574.0,27.906,28.2075,27.0752,25.3690666667,29.3897161393,28.2075,27.0252838607,0.359324770076,0.48539067274,-0.126065902664,53.5899169782,26.4642575726,38.7001987554
108,2014-06-17,28.32,28.49,27.97,28.03,352100,27.32,386488.0,27.863,28.161,27.0116,25.3505333333,29.419314746,28.161,26.902685254,0.405372342149,0.516907148406,-0.111534806258,51.8420007152,32.2114177763,47.9962965244
109,2014-06-16,28.35,28.71,28.33,28.49,387400,27.76,381878.0,27.8276666667,28.1315,26.9526,25.331,29.4278066767,28.1315,26.8351933233,0.470467645526,0.544790849971,-0.0743232044447,59.8679106515,45.1705813194,59.3975088232
110,2014-06-13,28.15,28.38,28.03,28.34,274900,27.62,376610.0,27.7736666667,28.095,26.8834,25.3123333333,29.3899826254,28.095,26.8000173746,0.499873394265,0.563371651082,-0.0634982568164,57.8941060147,50.9545383534,69.7676389448
111,2014-06-12,28.5,28.51,28.01,28.17,247100,27.45,375992.0,27.7106666667,28.052,26.8194,25.2908666667,29.3685196542,28.052,26.7354803458,0.545407664194,0.579246215286,-0.0338385510916,55.5957912389,63.6486486486,80.2781049391
112,2014-06-11,28.61,28.68,28.49,28.53,276200,27.8,373510.0,27.6513333333,28.014,26.7476,25.2708,29.3582827084,28.014,26.6697172916,0.612901839061,0.587705853059,0.0251959860021,62.2805881512,77.8162669712,87.9258078912
113,2014-06-10,29.28,29.33,28.67,28.76,448200,28.03,371406.0,27.5723333333,27.9475,26.666,25.2539333333,29.3144948793,27.9475,26.5805051207,0.653479468231,0.581406856558,0.0720726116732,67.064458208,86.651101806,91.4725767985
114,2014-06-09,29.27,29.34,28.96,29.21,516500,28.47,364510.0,27.4916666667,27.8755,26.5724,25.2305333333,29.2151488346,27.8755,26.5358511654,0.672347940835,0.56338870364,0.108959237195,77.9410525172,92.9964023304,91.6142768439
115,2014-06-06,29.19,29.32,29.0,29.18,262800,28.44,356364.0,27.395,27.772,26.4702,25.2051333333,28.9983050192,27.772,26.5456949808,0.640833184909,0.536148894341,0.104684290568,77.7173393151,94.2394604571,87.7410619485
116,2014-06-05,28.88,29.31,28.65,29.12,344400,28.38,359220.0,27.2993333333,27.668,26.3678,25.1814,28.7424226356,27.668,26.5935773644,0.594342231929,0.509977821699,0.0843644102299,77.2896022551,92.0033426005,82.2846451101
117,2014-06-04,28.31,28.92,28.03,28.8,361200,28.07,357636.0,27.2003333333,27.56,26.2742,25.1586,28.4467468635,27.56,26.6732531365,0.532466983116,0.488886719142,0.0435802639739,74.9038157861,87.2179019875,77.872171529
118,2014-06-03,27.9,28.37,27.78,28.34,207000,27.62,362216.0,27.097,27.463,26.1808,25.1372666667,28.1972778766,27.463,26.7287221234,0.478328509421,0.477991653148,0.00033685627272,70.8107038289,77.5035427492,74.8495837872
119,2014-06-02,27.9,28.05,27.61,27.89,141000,27.18,365764.0,27.009,27.3945,26.1068,25.1195333333,28.0388438523,27.3945,26.7501561477,0.449106988314,0.47790743908,-0.0288004507663,65.7340341436,72.4137931034,72.5930242787
120,2014-05-30,27.61,27.94,27.49,27.75,298100,27.04,363652.0,26.9223333333,27.3435,26.0402,25.1028,27.9843517769,27.3435,26.7026482231,0.451095417907,0.485107551772,-0.0340121338648,63.9212873088,74.3534482759,69.0003302883
121,2014-05-29,27.89,27.89,27.53,27.55,211500,26.85,362736.0,26.852,27.2785,25.978,25.083,27.999895176,27.2785,26.557104824,0.461326534691,0.493610585238,-0.0322840505471,61.1983229896,75.1275510204,62.2110714124
122,2014-05-28,27.91,28.04,27.51,27.81,233800,27.1,361458.0,26.7883333333,27.2205,25.9284,25.0634666667,28.0267871697,27.2205,26.4142128303,0.488038592336,0.501681597875,-0.0136430055389,67.332780072,68.477304715,54.6119525303
123,2014-05-27,27.8,28.07,27.77,27.98,203000,27.27,361284.0,26.6873333333,27.138,25.8724,25.0427333333,28.0202153932,27.138,26.2557846068,0.488561420932,0.505092349259,-0.0165309283271,71.6961639297,58.0430171418,53.1396809389
124,2014-05-23,27.19,27.65,27.19,27.65,126100,26.95,359154.0,26.588,27.056,25.8122,25.0163333333,27.9144730631,27.056,26.1975269369,0.464813301491,0.509225081341,-0.0444117798502,67.9527487726,47.1964127722,57.5501210854
125,2014-05-22,27.31,27.31,27.06,27.19,196200,26.5,359870.0,26.494,26.989,25.7598,24.9939333333,27.8606398339,26.989,26.1173601661,0.461341144655,0.520328026304,-0.0589868816485,61.3333517492,44.7310754923,66.8974934261
126,2014-05-21,27.25,27.38,26.91,27.21,169500,26.52,357730.0,26.395,26.945,25.7186,24.9741333333,27.8594069116,26.945,26.0305930884,0.497035356917,0.535074746716,-0.0380393897988,61.8491128697,62.5882183494,77.5054144111
127,2014-05-20,27.35,27.42,27.19,27.22,205900,26.53,356616.0,26.3203333333,26.892,25.677,24.9507333333,27.860123959,26.892,25.923876041,0.533328182649,0.544584594166,-0.0112564115167,62.0915335184,75.6847777279,82.5561535071
128,2014-05-19,27.75,27.89,27.19,27.44,212300,26.74,354138.0,26.2453333333,26.816,25.631,24.9265333333,27.9008115044,26.816,25.7311884956,0.570875343017,0.547398697045,0.0234766459723,67.4959910745,84.5859021347,83.3603966028
129,2014-05-16,27.44,27.76,27.35,27.76,111800,27.05,353136.0,26.1666666667,26.729,25.584,24.9032666667,27.8769355383,26.729,25.5810644617,0.588095531807,0.541529535552,0.0465659962551,76.4879745285,87.1627594325,81.0663800855
130,2014-05-15,27.25,27.49,27.16,27.48,236200,26.78,352522.0,26.0756666667,26.6055,25.5346,24.8724666667,27.8131005134,26.6055,25.3978994866,0.568938819581,0.529888036488,0.0390507830934,73.6340365137,82.7911747331,78.8259572418
131,2014-05-14,27.22,27.41,27.0,27.41,159400,26.71,349252.0,25.9976666667,26.5135,25.4988,24.8416,27.7209481355,26.5135,25.3060518645,0.564721505874,0.520125340715,0.0445961651595,72.8695554576,78.9017501108,77.7982728555
132,2014-05-13,27.21,27.44,27.16,27.2,202000,26.51,348634.0,25.9033333333,26.425,25.4702,24.8108666667,27.6159911838,26.425,25.2340088162,0.558251821748,0.508976299425,0.049275522323,70.48562702,75.4098360656,79.4097452249
133,2014-05-12,27.19,27.49,27.18,27.32,147300,26.62,346574.0,25.8116666667,26.304,25.4358,24.784,27.6385321278,26.304,24.9694678722,0.563255943874,0.496657418844,0.0665985250298,73.9326971773,78.2010680576,83.2891119955
134,2014-05-09,27.17,27.43,27.01,27.14,177300,26.45,345440.0,25.7036666667,26.188,25.3966,24.7568666667,27.5521055678,26.188,24.8238944322,0.54923202784,0.480007787586,0.0692242402536,72.0272764551,78.6804371882,86.2560914643
135,2014-05-08,27.18,27.64,26.83,27.1,255700,26.41,343802.0,25.6023333333,26.0725,25.3542,24.7289333333,27.4849429192,26.0725,24.6600570808,0.541670854607,0.462701727523,0.0789691270837,71.5988928313,85.3476395883,88.7908215498
136,2014-05-07,26.76,27.13,26.58,26.96,251900,26.27,340008.0,25.501,25.9285,25.3116,24.7024666667,27.4735731374,25.9285,24.3834268626,0.528213926522,0.442959445752,0.0852544807698,70.1112840771,90.9273031477,88.0906898174
137,2014-05-06,26.84,27.12,26.64,26.86,252900,26.18,336478.0,25.417,25.829,25.2728,24.6784,27.3516936658,25.829,24.3063063342,0.517609426653,0.42164582556,0.0959636010937,69.0355521051,90.068985933,85.4657259276
138,2014-05-05,26.68,26.98,26.57,26.97,180800,26.28,333566.0,25.326,25.7345,25.2334,24.6513333333,27.2237477967,25.7345,24.2452522033,0.506727182433,0.397654925286,0.109072257147,71.670331348,88.8193575302,83.4840488676
139,2014-05-02,26.28,26.98,26.28,26.87,297100,26.19,332670.0,25.2483333333,25.64,25.189,24.6261333333,27.0408997109,25.64,24.2391002891,0.47426690443,0.370386860999,0.103880043431,70.7272310832,82.5471126587,82.9331276018
140,2014-05-01,26.29,26.61,26.16,26.45,183400,25.78,331374.0,25.1713333333,25.548,25.1468,24.6020666667,26.8520337419,25.548,24.2439662581,0.436119176441,0.344416850142,0.0917023262995,66.3596441274,80.4274475884,85.1796237891
141,2014-04-30,25.9,26.55,25.81,26.39,559000,25.72,329294.0,25.111,25.4825,25.0972,24.5805333333,26.7290612701,25.4825,24.2359387299,0.423848888333,0.321491268567,0.102357619766,65.6803818775,82.1422776932,87.5148443713
142,2014-04-29,26.43,26.56,26.12,26.16,205000,25.49,320212.0,25.067,25.392,25.0478,24.5585333333,26.6246167288,25.392,24.1593832712,0.408131554953,0.295901863625,0.112229691328,63.0226933943,86.6156724669,88.5916989018
143,2014-04-28,26.44,26.68,26.17,26.34,239400,25.67,316920.0,25.0286666667,25.3065,25.003,24.5397333333,26.5513337238,25.3065,24.0616662762,0.405552245004,0.267844440793,0.137707804211,66.7808379179,91.5330974078,86.8969286887
144,2014-04-25,26.29,26.5,26.02,26.31,264400,25.64,313782.0,24.983,25.1935,24.9544,24.5196,26.4527739972,25.1935,23.9342260028,0.378033893105,0.233417489741,0.144616403364,66.4714126038,89.7683299172,83.5938617507
145,2014-04-24,26.15,26.36,25.94,26.31,329800,25.64,309316.0,24.9403333333,25.083,24.9048,24.5002666667,26.3186229198,25.083,23.8473770802,0.340466340054,0.1972633889,0.143202951155,66.4714126038,86.449695815,81.9197284648
146,2014-04-23,25.62,26.3,25.45,26.15,423900,25.48,303708.0,24.901,24.9705,24.8572,24.4803333333,26.1470793641,24.9705,23.7939206359,0.28756424376,0.161462651111,0.126101592649,64.9709510422,79.8365916148,80.2848238962
147,2014-04-22,25.77,26.0,25.65,25.7,561900,25.05,296880.0,24.867,24.885,24.8084,24.4566666667,25.9494904884,24.885,23.8205095116,0.232150088216,0.129937252949,0.102212835267,60.335168214,78.3208296558,80.8480735231
148,2014-04-21,25.69,26.25,25.67,25.7,499400,25.05,287880.0,24.841,24.8065,24.7658,24.4366666667,25.8503634968,24.8065,23.7626365032,0.203862928403,0.104384044132,0.099478884271,60.335168214,83.0717967738,80.5504594657
149,2014-04-17,25.69,25.75,25.27,25.29,636100,24.65,279514.0,24.8206666667,24.7535,24.7238,24.4151333333,25.7149005409,24.7535,23.7920994591,0.164792947283,0.0795143230643,0.0852786242186,55.7328307092,79.9100775406,75.1567121002
150,2014-04-16,25.71,25.89,25.48,25.64,319200,24.99,268964.0,24.8206666667,24.717,24.6906,24.3948666667,25.6491394745,24.717,23.7848605255,0.154273910329,0.0581946670097,0.0960792433195,61.3781161498,82.0895901224,71.4989414734
151,2014-04-15,24.81,25.71,24.66,25.64,374700,24.99,268890.0,24.8223333333,24.667,24.6576,24.3724666667,25.4974721549,24.667,23.8365278451,0.102967446285,0.0341748561798,0.0687925901054,61.3781161498,77.130373426,67.306465482
152,2014-04-14,25.1,25.16,24.51,24.78,420300,24.15,263934.0,24.8336666667,24.6385,24.623,24.3502666667,25.3662162909,24.6385,23.9107837091,0.0359840329594,0.0169767086535,0.0190073243059,50.8250156304,61.4968073119,65.5085347022
153,2014-04-11,24.52,25.08,24.49,25.0,612200,24.36,257000.0,24.857,24.65,24.6152,24.3331333333,25.3933976056,24.65,23.9066023944,0.0375290721988,0.012224877577,0.0253041946218,54.3528526232,65.2789950336,70.7248236718
154,2014-04-10,24.79,25.1,24.64,24.83,4811400,24.2,246466.0,24.869,24.6485,24.6052,24.3134666667,25.3891827931,24.6485,23.9078172069,0.0165552266868,0.00589882892154,0.0106563977653,51.9602342856,65.3196861567,75.6474062017
155,2014-04-09,24.23,24.36,23.83,24.22,776600,23.6,151454.0,24.8753333333,24.6585,24.5982,24.2922,25.413967405,24.6585,23.903032595,0.00685326057245,0.00323472948023,0.00361853109222,41.7950307472,69.9386503067,79.3417096656
156,2014-04-08,24.94,25.24,24.75,24.97,93700,24.33,137422.0,24.9003333333,24.704,24.6048,24.2768,25.4579602112,24.704,23.9500397888,0.0564794309418,0.00233009670717,0.0541493342346,55.1080672571,82.3619631902,79.7033071954
157,2014-04-07,25.02,25.15,24.86,24.97,66400,24.33,136812.0,24.902,24.712,24.5856,24.2556666667,25.4803384671,24.712,23.9436615329,0.0426353148541,-0.0112072368515,0.0538425517056,55.1080672571,84.9693251534,73.4191891792
158,2014-04-04,25.07,25.18,24.93,25.08,121600,24.44,138504.0,24.8993333333,24.7095,24.571,24.2406666667,25.4747836076,24.7095,23.9442163924,0.0243450384679,-0.0246678747779,0.0490129132458,57.4211236203,80.0969000122,62.6032635525
159,2014-04-03,25.08,25.19,24.66,25.03,124000,24.39,138652.0,24.8883333333,24.71,24.558,24.2276,25.4762636622,24.71,23.9437363378,-0.0105541148609,-0.0369211030893,0.0263669882285,56.6531951623,71.3850404258,49.9767351419
160,2014-04-02,24.66,25.3,24.66,25.14,244000,24.5,137530.0,24.8793333333,24.723,24.5478,24.2141333333,25.51879143,24.723,23.92720857,-0.0498537016208,-0.0435128501465,-0.00634085147432,58.8203615306,57.2254911255,38.6868475844
161,2014-04-01,24.47,24.6,24.14,24.58,123000,23.95,135210.0,24.8403333333,24.7505,24.5352,24.2024,25.6350897354,24.7505,23.8659102646,-0.110489120334,-0.0419276372779,-0.0685614830565,49.7298407642,41.7056226464,29.8729130064
162,2014-03-31,24.03,24.61,24.0,24.45,171000,23.83,134040.0,24.8183333333,24.8205,24.5242,24.195,25.8497808169,24.8205,23.7912191831,-0.12925666756,-0.0247872665138,-0.104469401047,47.2181784474,29.5907863697,24.728801353
163,2014-03-28,24.08,24.42,23.97,24.08,103400,23.47,132922.0,24.8006666667,24.872,24.5192,24.1872666667,25.9247791791,24.872,23.8192208209,-0.138094421764,0.00133008374788,-0.139424505512,39.1882392786,26.2254901961,22.9064793816
164,2014-03-27,23.89,24.51,23.67,24.1,109200,23.49,132304.0,24.795,24.936,24.5198,24.1806666667,25.9430431967,24.936,23.9289568033,-0.10969323645,0.0361862101259,-0.145879446576,39.4897871466,21.9697528134,20.0405608187
165,2014-03-26,24.45,24.45,23.94,24.06,405600,23.1,130932.0,24.786,24.982,24.5196,24.1734,25.9132915763,24.982,24.0507084237,-0.0738838219361,0.0726560717698,-0.146539893706,38.61253278,21.1291760329,19.753524686
166,2014-03-25,24.23,24.46,23.89,24.44,265200,23.46,124358.0,24.7816666667,25.0275,24.5154,24.1675333333,25.8575813213,25.0275,24.1974186787,-0.0230305863653,0.109291045196,-0.132321631562,44.2748303001,22.3014984842,19.7969076625
167,2014-03-24,24.69,24.81,24.0,24.13,590200,23.16,121530.0,24.7573333333,25.0565,24.5106,24.1556666667,25.8417712907,25.0565,24.2712287093,0.0035207155649,0.142371453087,-0.138850737522,37.3109824692,14.7618159445,20.0314337063
168,2014-03-21,24.65,24.81,24.48,24.64,384400,23.65,111292.0,24.7386666667,25.0945,24.5066,24.1490666667,25.7613875467,25.0945,24.4276124533,0.0689222578022,0.177084137467,-0.108161879665,46.1145737227,20.8216082825,23.3910724845
169,2014-03-20,24.8,24.8,24.4,24.56,35400,23.58,106124.0,24.704,25.1,24.487,24.1428,25.7534829761,25.1,24.4465170239,0.0994686297806,0.204124607383,-0.104655977603,44.1967082947,21.3027079388,25.2311249594
170,2014-03-19,25.03,25.18,24.55,24.64,252300,23.65,108710.0,24.673,25.11,24.4712,24.1410666667,25.7356516603,25.11,24.4843483397,0.145155546309,0.230288601784,-0.0851330554749,45.7073021449,23.2396026592,27.4054479746
171,2014-03-18,24.96,25.09,24.93,25.07,147600,24.07,106920.0,24.6513333333,25.0765,24.4446,24.1381333333,25.852831759,25.0765,24.300168241,0.193211857277,0.251571865653,-0.0583600083754,55.108159927,28.2003710575,28.9061533704
172,2014-03-17,25.05,25.2,24.9,25.01,225100,24.01,106800.0,24.6126666667,25.019,24.4064,24.1360666667,25.9447191799,25.019,24.0932808201,0.207957012625,0.266161867747,-0.0582048551212,53.8790862746,28.1818181818,29.4952483414
173,2014-03-14,24.96,25.18,24.81,24.97,96500,23.97,105074.0,24.592,24.9645,24.3662,24.1323333333,26.006910188,24.9645,23.922089812,0.229861454359,0.280713081527,-0.0508516271682,53.0839231188,30.0,30.838408945
174,2014-03-13,25.18,25.33,24.75,25.03,161900,24.03,106328.0,24.5763333333,24.9115,24.3408,24.13,26.0506975246,24.9115,23.7723024754,0.258548775199,0.293425988319,-0.0348772131204,54.3900469553,29.2424242424,34.3835897505
175,2014-03-12,25.08,25.31,24.98,25.13,89200,24.12,104562.0,24.558,24.8515,24.317,24.128,26.082146578,24.8515,23.620853422,0.285294427977,0.302145291599,-0.0168508636223,56.5431530624,30.5567509414,42.4200002808
176,2014-03-11,25.0,25.24,24.83,25.13,113800,24.12,105676.0,24.5386666667,24.7915,24.2856,24.1257333333,26.0777390913,24.7915,23.5052609087,0.305100051298,0.306358007505,-0.00125795620703,56.5431530624,33.5544605961,53.4226768776
177,2014-03-10,25.14,25.37,24.75,24.92,82000,23.92,104756.0,24.5013333333,24.7205,24.26,24.1228666667,26.0789031066,24.7205,23.3620968934,0.325941409772,0.306672496556,0.0192689132155,53.187660562,44.1807232223,66.6960911236
178,2014-03-07,25.27,25.29,24.57,25.09,162200,24.09,103656.0,24.4786666667,24.653,24.242,24.121,26.0965387075,24.653,23.2094612925,0.369183414082,0.301855268252,0.0673281458299,56.4650073043,61.3880663633,77.6456591728
179,2014-03-06,25.66,25.67,25.26,25.29,81100,24.28,102648.0,24.4566666667,24.5785,24.2202,24.1154666667,26.0768894687,24.5785,23.0801105313,0.40169690447,0.285023231795,0.116673672675,60.5402361848,74.5674573288,83.6036433797
180,2014-03-05,25.86,26.04,25.58,25.69,72700,24.66,106822.0,24.431,24.4955,24.189,24.1128666667,26.010854414,24.4955,22.980145586,0.416989440864,0.255854813626,0.161134627238,69.9107122524,86.64811758,86.0114234242
181,2014-03-04,25.61,26.22,25.55,25.98,128500,24.94,110334.0,24.3916666667,24.4105,24.1452,24.1096,25.8363818324,24.4105,22.9846181676,0.389715704539,0.215571156817,0.174144547722,78.0428345823,87.9789954192,84.2125348835
182,2014-03-03,25.77,25.77,25.2,25.48,99000,24.46,110590.0,24.3266666667,24.307,24.108,24.1033333333,25.5510755604,24.307,23.0629244396,0.319708634473,0.172035019886,0.147673614587,73.0180018776,85.2200031907,82.3512243473
183,2014-02-28,25.0,25.46,24.98,25.36,90600,24.34,110140.0,24.284,24.2525,24.0768,24.1027333333,25.3759033114,24.2525,23.1290966886,0.276612939451,0.135116616239,0.141496323212,71.5679622229,84.1985775068,82.3978316021
184,2014-02-27,24.9,25.15,24.78,25.02,95400,24.02,110182.0,24.2423333333,24.2095,24.0478,24.1061333333,25.220231913,24.2095,23.198768087,0.229801882322,0.0997425354363,0.130059346886,66.8859686311,79.4525634171,82.2321551831
185,2014-02-26,25.09,25.18,24.74,24.97,66000,23.97,110076.0,24.2113333333,24.1825,24.0242,24.1104666667,25.1321920554,24.1825,23.2328079446,0.201329560208,0.0672276987148,0.134101861493,66.1242077039,80.5337532748,82.8685341524
186,2014-02-25,24.91,25.11,24.77,25.02,75400,24.02,110582.0,24.174,24.1615,24.0018,24.1184,25.057675764,24.1615,23.265324236,0.167151002742,0.0337022333416,0.1334487694,67.5675187124,85.4064322097,80.11343634
187,2014-02-24,24.73,25.35,24.53,24.89,107300,23.89,110766.0,24.1466666667,24.111,23.9838,24.1228,24.9172977118,24.111,23.3047022882,0.116004538445,0.000340040991568,0.115664497454,65.7633402499,83.5358718308,72.1956922178
188,2014-02-21,24.75,24.96,24.5,24.75,136000,23.76,110652.0,24.1146666667,24.0785,23.9758,24.1306666667,24.8050335505,24.0785,23.3519664495,0.0622720761842,-0.0285760833719,0.0908481595561,63.7466093686,81.9980792945,61.5778863269
189,2014-02-20,24.02,24.78,23.97,24.76,232300,23.77,112482.0,24.0783333333,24.0625,23.9726,24.1409333333,24.741731183,24.0625,23.383268817,0.00703868506273,-0.0512881232609,0.0583268083236,63.9966445071,69.513362025,48.8880296662
190,2014-02-19,23.84,24.15,23.81,23.97,79400,23.01,110802.0,24.0453333333,24.0505,23.9684,24.1496666667,24.6871623909,24.0505,23.4138376091,-0.0645797695696,-0.0658698253418,0.00129005577223,49.4526004214,53.7354557208,38.0690537084
191,2014-02-18,23.92,24.05,23.72,23.92,104900,22.96,110844.0,24.0233333333,24.0775,23.9862,24.1620666667,24.743349082,24.0775,23.411650918,-0.0746152550156,-0.0661923392848,-0.00842291573073,48.2233673515,41.0646482673,29.4488543745
192,2014-02-14,23.95,23.99,23.74,23.92,40400,22.96,110606.0,23.998,24.083,24.0038,24.1756,24.7453624385,24.083,23.4206375615,-0.081247961821,-0.0640866103522,-0.0171613514688,48.2233673515,31.2386526517,22.9218426501
193,2014-02-13,23.72,24.02,23.54,23.91,82500,22.95,113836.0,23.9673333333,24.097,24.0132,24.1889333333,24.7568211879,24.097,23.4371788121,-0.0885319190625,-0.059796272485,-0.0287356465776,48.0053179126,26.237458194,17.279642459
194,2014-02-12,23.94,24.05,23.75,23.83,41100,22.88,115306.0,23.9603333333,24.107,24.0316,24.2021333333,24.7612201464,24.107,23.4527798536,-0.0955229783917,-0.0526123608406,-0.0429106175511,46.3261695718,19.2546583851,13.2470372508
195,2014-02-11,23.68,24.13,23.66,23.93,49400,22.97,114936.0,23.9606666667,24.12,24.069,24.2134,24.7619034195,24.12,23.4780965805,-0.0949112326134,-0.0418847064528,-0.0530265261606,48.1303263469,14.9566013696,11.4202194115
196,2014-02-10,23.56,23.77,23.49,23.71,82500,22.76,116796.0,23.9483333333,24.116,24.1084,24.2206,24.7635615801,24.116,23.4684384199,-0.102931713709,-0.0286280749126,-0.0743036387967,43.6469712134,8.66985188724,13.1402586713
197,2014-02-07,23.63,23.81,23.45,23.57,111900,22.63,144838.0,23.953,24.1405,24.1404,24.2285333333,24.7612890141,24.1405,23.5197109859,-0.0892715755632,-0.0100521652134,-0.0792194103498,40.6138080355,10.1070373612,19.5677379899
198,2014-02-06,23.67,23.77,23.5,23.6,81100,22.66,144992.0,23.968,24.1585,24.1808,24.2358,24.7310827451,24.1585,23.5859172549,-0.0562832308668,0.00975268737401,-0.0660359182408,41.0534884437,11.9473870277,28.4764914748
199,2014-02-05,23.96,24.05,23.56,23.63,108600,22.68,145778.0,23.9813333333,24.1615,24.2248,24.2432,24.7228653,24.1615,23.6001347,-0.0164139875506,0.0262616669342,-0.0426756544848,41.470373828,21.836758409,40.7022019142
200,2014-02-04,23.93,24.1,23.69,23.99,315500,23.03,147472.0,23.9846666667,24.1685,24.2688,24.2523333333,24.706171833,24.1685,23.630828167,0.0316578682827,0.0369305805554,-0.00527271227275,46.7615478312,34.3797691617,49.3027691235
201,2014-02-03,24.32,24.75,23.71,23.91,126900,22.95,145590.0,23.9683333333,24.1345,24.3024,24.2583333333,24.7868028438,24.1345,23.4821971562,0.0559000134621,0.0382487586236,0.0176512548386,45.3219883658,45.7420513008,54.3791551155
202,2014-01-31,24.24,24.61,24.19,24.39,73600,23.41,145874.0,23.9753333333,24.097,24.337,24.2675333333,24.8714184915,24.097,23.3225815085,0.0941741694772,0.033835944914,0.0603382245633,53.3608269277,60.8502287852,56.9300406306
203,2014-01-30,24.59,25.06,24.4,24.5,85500,23.52,147524.0,23.9596666667,24.0275,24.369,24.2736,24.9241130715,24.0275,23.1308869285,0.0927833770532,0.0187513887731,0.0740319882801,55.4538940951,56.2390272463,56.0684790451
204,2014-01-29,24.4,24.62,24.22,24.48,60800,23.5,148838.0,23.94,23.9875,24.3962,24.2756,24.8674517032,23.9875,23.1075482968,0.0784586437839,0.000243391703118,0.0782152520808,55.1569268096,54.6853131297,60.8544219986
205,2014-01-28,23.97,24.57,23.88,24.55,75000,23.57,151620.0,23.9186666667,23.9555,24.4154,24.2748,24.8075909576,23.9555,23.1034090424,0.0610702221379,-0.0193104213171,0.080380643455,56.3784317164,55.9455933612,67.7889097984
206,2014-01-27,24.32,24.35,23.92,24.01,63200,23.05,155222.0,23.8953333333,23.906,24.4222,24.2754,24.7287125865,23.906,23.0832874135,0.0308607061878,-0.0394055821808,0.0702662883686,48.1536500347,57.4039824433,75.315621428
207,2014-01-24,24.28,24.53,24.02,24.24,151000,23.27,161812.0,23.899,23.898,24.4464,24.282,24.7196227845,23.898,23.0763772155,0.0468353137395,-0.056972154273,0.103807468013,52.0338919934,75.3827990602,82.5374137285
208,2014-01-23,24.43,24.61,24.14,24.43,129000,23.45,163562.0,23.9073333333,23.887,24.469,24.2848,24.6958040554,23.887,23.0781959446,0.0431252991785,-0.0829240212761,0.126049320455,55.4620984997,82.4232643289,84.1020094439
209,2014-01-22,24.61,24.8,24.39,24.52,67900,23.54,167274.0,23.9126666667,23.8655,24.4824,24.2944666667,24.6374449462,23.8655,23.0935550538,0.018417239878,-0.11443635139,0.132853591268,57.1173066219,86.0524398797,83.2865985668
210,2014-01-21,24.07,24.52,23.82,24.51,128000,23.53,169910.0,23.9136666667,23.826,24.5058,24.3058,24.5384998246,23.826,23.1135001754,-0.0225507520274,-0.147649749207,0.125098997179,56.9848570715,86.2911516453,81.6293341347
211,2014-01-17,24.08,24.29,23.88,24.03,64500,23.07,171098.0,23.9253333333,23.7755,24.518,24.3189333333,24.4275268399,23.7755,23.1234731601,-0.0734946143936,-0.178924498502,0.105429884108,50.1178012789,81.6411819219,79.710642941
212,2014-01-16,24.42,24.42,23.96,24.2,115100,23.23,171026.0,23.951,23.78,24.5406,24.3370666667,24.4401817931,23.78,23.1198182069,-0.0885757679679,-0.205281969529,0.116706201561,52.8948641519,79.1616208203,77.7099959884
213,2014-01-15,24.05,24.2,23.87,24.11,72500,23.14,171764.0,23.9573333333,23.766,24.5766,24.352,24.4013707579,23.766,23.1306292421,-0.123845520087,-0.234458519919,0.110612999832,51.5758026722,79.4233821514,76.4132674769
214,2014-01-14,23.84,24.41,23.79,24.09,40600,23.13,172542.0,23.9813333333,23.756,24.5994,24.3648,24.3754965698,23.756,23.1365034302,-0.157897523408,-0.262111769877,0.104214246468,51.2943672422,78.6163868704,71.8345160861
215,2014-01-13,24.09,24.3,23.71,23.85,76900,22.9,175386.0,24.035,23.7435,24.6256,24.3807333333,24.3453729102,23.7435,23.1416270898,-0.197027207307,-0.288165331494,0.0911381241864,47.9217314988,73.6385941115,64.1789762864
216,2014-01-10,23.93,24.4,23.9,24.2,123800,23.23,176742.0,24.1033333333,23.7435,24.661,24.4010666667,24.3453729102,23.7435,23.1416270898,-0.219668699014,-0.31094986254,0.0912811635264,52.8802995069,73.9747067741,54.9247027571
217,2014-01-09,23.65,23.95,23.46,23.93,78300,22.97,180900.0,24.1403333333,23.7395,24.691,24.4177333333,24.3301428701,23.7395,23.1488571299,-0.281008658261,-0.333770153422,0.0527614951609,49.1082048781,61.1083765885,44.5296777683
218,2014-01-08,23.8,23.8,23.32,23.66,126000,22.71,180898.0,24.1956666667,23.7675,24.7244,24.433,24.439150951,23.7675,23.095849049,-0.327722443944,-0.346960527212,0.0192380832686,45.0213476658,47.9942276714,38.7967914589
219,2014-01-07,23.3,23.89,22.74,23.77,164700,22.82,180050.0,24.267,23.814,24.7648,24.4463333333,24.5725881623,23.814,23.0554118377,-0.355088440303,-0.351770048029,-0.00331839227351,46.4319441609,36.6214999946,36.7387521501
220,2014-01-06,23.16,23.37,22.85,23.31,162800,22.38,181750.0,24.3356666667,23.853,24.797,24.4650666667,24.6759969623,23.853,23.0300030377,-0.396052480161,-0.350940449961,-0.0451120301996,39.0118341299,32.3946068187,40.3451873521
221,2014-01-03,22.94,23.32,22.81,23.16,141600,22.23,181406.0,24.4143333333,23.9305,24.8264,24.4847333333,24.8233264109,23.9305,23.0376735891,-0.395740364049,-0.339662442411,-0.0560779216383,36.341859382,38.1768313509,45.9001847647
222,2014-01-02,23.57,23.75,22.77,23.0,138800,22.08,181792.0,24.497,24.0125,24.8556,24.5031333333,24.9084436366,24.0125,23.1165563634,-0.374313039645,-0.325642962001,-0.0486700776435,33.4564211925,39.7620704361,49.4909013479
223,2013-12-31,23.41,23.94,23.11,23.7,159200,22.75,188278.0,24.5966666667,24.082,24.8896,24.523,24.8610147624,24.082,23.3029852376,-0.325228519556,-0.313475442591,-0.0117530769651,41.0076170206,51.0472408027,52.7390784027
224,2013-12-30,23.63,23.89,23.61,23.84,73600,22.54,191108.0,24.6686666667,24.1385,24.896,24.5396666667,24.9611852375,24.1385,23.3158147625,-0.32912095363,-0.310537173349,-0.0185837802808,42.8017002376,54.6145964691,49.7767305704
225,2013-12-27,23.81,23.84,23.26,23.56,144900,22.28,196126.0,24.722,24.2315,24.905,24.5620666667,25.2860382876,24.2315,23.1769617124,-0.343556446523,-0.305891228279,-0.037665218244,37.7433472821,52.5396976837,43.6646739633
226,2013-12-26,24.06,24.25,23.76,23.85,67800,22.55,195498.0,24.7663333333,24.3485,24.9182,24.5910666667,25.5829598009,24.3485,23.1140401991,-0.328475109139,-0.296474923718,-0.0320001854209,41.2518756596,52.7547786553,35.9377248423
227,2013-12-24,23.95,24.19,23.91,24.02,27000,22.71,195486.0,24.812,24.4215,24.9152,24.6241333333,25.7012542733,24.4215,23.1417457267,-0.333975291472,-0.288474877363,-0.0455004141093,43.4504710311,39.1978494734,27.0952420784
228,2013-12-23,23.88,24.04,23.71,24.0,111800,22.69,196322.0,24.857,24.5,24.9066,24.6598,25.8616019976,24.5,23.1383980024,-0.353446792683,-0.277099773836,-0.0763470188476,43.1192918754,30.1663700406,21.8579113111
229,2013-12-20,23.51,23.78,23.22,23.73,289800,22.44,198540.0,24.8936666667,24.59,24.9056,24.7006,26.0424324425,24.59,23.1375675575,-0.371122100881,-0.258013019124,-0.113109081757,38.6125500346,21.6319011998,17.0958299749
230,2013-12-19,23.98,24.16,23.38,23.5,248300,22.22,194646.0,24.959,24.695,24.8938,24.7414,26.1866635009,24.695,23.2033364991,-0.360793172786,-0.229735748684,-0.131057424101,34.5080022761,17.3848475996,13.7706306391
231,2013-12-18,23.87,24.26,23.81,24.12,141300,22.8,190690.0,25.013,24.8035,24.8808,24.7867333333,26.2465838506,24.8035,23.3604161494,-0.318943622049,-0.196971392659,-0.12197222939,41.4443378466,18.2485264044,12.0108633533
232,2013-12-17,23.98,23.98,23.71,23.92,76500,22.62,189174.0,25.0476666667,24.8795,24.8544,24.8289333333,26.3306715956,24.8795,23.4283284044,-0.324016470061,-0.166478335311,-0.15753813475,37.6928661487,11.1180446957,11.2754463437
233,2013-12-16,23.84,24.03,23.66,23.91,92700,22.61,189252.0,25.117,24.983,24.8394,24.8712666667,26.4409314113,24.983,23.5250685887,-0.305414665596,-0.127093801624,-0.178320863972,37.5069788916,8.33110385656,13.9921663255
234,2013-12-13,23.87,24.01,23.64,23.84,90100,22.54,190474.0,25.1616666667,25.0805,24.8262,24.9126666667,26.4986322223,25.0805,23.6623677777,-0.276211421851,-0.0825135856308,-0.193697836221,36.2711414701,10.3457784566,19.7297421202
235,2013-12-12,24.03,24.24,23.83,23.85,91300,22.55,190890.0,25.2136666667,25.1605,24.8084,24.9497333333,26.4657122433,25.1605,23.8552877567,-0.227792570063,-0.0340891265757,-0.193703443487,36.3665416295,15.3068583659,25.9372673553
236,2013-12-11,24.44,24.44,24.08,24.12,84600,22.8,191024.0,25.2726666667,25.2125,24.794,24.9837333333,26.3803677151,25.2125,24.0446322849,-0.163697343671,0.0143367342961,-0.178034077967,38.9339529881,21.9849246231,29.1665382125
237,2013-12-10,24.54,24.74,24.47,24.49,101600,23.15,191286.0,25.3253333333,25.2675,24.7786,25.0144,26.3225426532,25.2675,24.2124573468,-0.106998384258,0.0588452537878,-0.165843638046,42.7768187662,31.2814070352,29.5277517246
238,2013-12-09,24.6,24.74,24.49,24.59,227500,23.25,190318.0,25.3623333333,25.3115,24.7448,25.045,26.3047628051,25.3115,24.3182371949,-0.0707462813825,0.100306163299,-0.171052444682,43.8633497186,35.175879397,29.1720920358
239,2013-12-06,24.95,25.27,24.53,24.55,148300,23.21,188000.0,25.3986666667,25.337,24.7168,25.0693333333,26.2797640214,25.337,24.3942359786,-0.033628196892,0.14306927447,-0.176697471362,43.3286965705,28.2239417949,30.879316863
240,2013-12-05,24.71,25.24,24.62,24.86,81500,23.5,188310.0,25.4263333333,25.394,24.691,25.0904,26.2753943499,25.394,24.5126056501,0.0183098410852,0.18724364231,-0.168933801225,46.5169582678,23.4297786716,37.7032842357
241,2013-12-04,24.19,24.96,24.0,24.8,93000,23.45,189114.0,25.4236666667,25.407,24.6582,25.1034,26.2638337062,25.407,24.5501662938,0.0527717027786,0.229477092617,-0.176705389838,45.8001863136,29.8587682798,49.7776915771
242,2013-12-03,24.74,24.84,24.36,24.39,201900,23.06,189900.0,25.4176666667,25.425,24.624,25.1142666667,26.2443778127,25.425,24.6056221873,0.10209907239,0.273653440076,-0.171554367686,40.762773474,42.0047787058,61.3325618221
243,2013-12-02,25.63,25.68,24.72,24.83,156000,23.48,191418.0,25.428,25.5055,24.603,25.12,26.2107226599,25.5055,24.8002773401,0.205319110369,0.316542031997,-0.111222921628,44.9234820591,55.5198112859,69.8142864003
244,2013-11-29,25.99,25.99,25.48,25.7,22600,24.3,195350.0,25.401,25.5265,24.5728,25.1257333333,26.1725425683,25.5265,24.8804574317,0.289278953602,0.344347762404,-0.0550688088021,55.2841015042,71.7274080369,76.3147683615
245,2013-11-27,25.29,25.9,25.14,25.9,142400,24.49,199354.0,25.354,25.5115,24.527,25.1232,26.154657057,25.5115,24.868342943,0.303652732367,0.358114964605,-0.0544622322375,58.1467208238,76.0782492599,78.9574505137
246,2013-11-26,25.55,25.62,25.15,25.31,1484600,23.93,201876.0,25.298,25.4975,24.4754,25.1182666667,26.1180118855,25.4975,24.8769881145,0.29721849752,0.371730522664,-0.0745120251438,51.2290129188,75.9316770186,81.25
247,2013-11-25,25.79,25.8,25.47,25.59,119600,24.19,174814.0,25.2443333333,25.517,24.4212,25.1177333333,26.13722899,25.517,24.89677101,0.344755623261,0.39035852895,-0.0456029056893,55.2535332028,81.5217391304,83.7664557209
248,2013-11-22,25.75,25.97,25.26,25.8,120400,24.39,175510.0,25.1776666667,25.5175,24.3634,25.1155333333,26.1379796532,25.5175,24.8970203468,0.371906563777,0.401759255373,-0.0298526915957,58.4514721356,82.298136646,84.0428337044
249,2013-11-21,25.68,25.86,24.99,25.83,193300,24.42,174114.0,25.116,25.5115,24.2968,25.1105333333,26.1231951855,25.5115,24.8998048145,0.379769668744,0.409222428272,-0.0294527595275,58.9037132701,85.248447205,81.2370600414
250,2013-11-20,25.61,25.98,25.21,25.67,221400,24.27,173068.0,25.0263333333,25.489,24.2252,25.1044666667,26.0850838867,25.489,24.8929161133,0.381227382084,0.416585618153,-0.0353582360694,57.2662966908,85.9974999023,74.560168366
251,2013-11-19,25.92,25.92,25.38,25.64,141100,24.24,171210.0,24.9323333333,25.4445,24.1574,25.0985333333,26.1088636053,25.4445,24.7801363947,0.393833737917,0.425425177171,-0.031591439254,56.9677811613,82.6272510645,65.6213279816
252,2013-11-18,25.81,26.02,25.68,25.99,156100,24.57,170744.0,24.8376666667,25.3935,24.0908,25.0886,26.1413576068,25.3935,24.6456423932,0.40725008681,0.433323036984,-0.0260729501743,61.6318355624,71.0750419938,55.9763076683
253,2013-11-15,25.41,25.91,25.39,25.86,151200,24.45,170156.0,24.7436666667,25.329,24.0152,25.0774666667,26.0824427649,25.329,24.5755572351,0.382814225407,0.439841274528,-0.0570270491206,60.5169359199,58.5408805031,52.2908805031
254,2013-11-14,24.95,25.72,24.95,25.44,199900,24.05,173608.0,24.6566666667,25.237,23.939,25.0677333333,26.1426069788,25.237,24.3313930212,0.359293337211,0.454098036808,-0.094804699597,56.7463506807,50.2421383648,51.322327044
255,2013-11-13,25.12,25.32,24.41,24.89,255100,23.53,184064.0,24.5736666667,25.1795,23.863,25.0561333333,26.1684484314,25.1795,24.1905515686,0.366809682281,0.477799211707,-0.110989529426,51.0635993369,44.0471698113,51.751572327
256,2013-11-12,25.31,25.51,25.12,25.22,392700,23.84,185434.0,24.515,25.146,23.8034,25.053,26.2141273332,25.146,24.0778726668,0.427067858246,0.505546594064,-0.0784787358174,55.096589695,56.3333333333,57.4795597484
257,2013-11-11,25.03,25.64,25.03,25.37,238500,23.99,183436.0,24.4526666667,25.07,23.735,25.051,26.3089027403,25.07,23.8310972597,0.464167306722,0.525166278018,-0.0609989712959,56.996606286,54.6666666667,59.8178244711
258,2013-11-08,25.57,25.9,24.85,25.1,314600,23.73,180374.0,24.367,24.981,23.682,25.0515333333,26.3678222669,24.981,23.5941777331,0.489495441952,0.540416020842,-0.0509205788903,54.3663009199,51.9591194969,65.1030588908
259,2013-11-07,25.09,25.93,25.01,25.69,199700,24.29,174802.0,24.3033333333,24.9235,23.6424,25.0506,26.3794570735,24.9235,23.4675429265,0.542194328125,0.553146165565,-0.0109518374392,62.0697861428,66.9591194969,73.9978685831
260,2013-11-06,25.18,25.52,25.01,25.12,187400,23.75,172248.0,24.2223333333,24.796,23.5888,25.0480666667,26.4001994888,24.796,23.1918005112,0.541498079887,0.555884124924,-0.0143860450373,56.5461670762,65.6863922241,78.9844504274
261,2013-11-05,25.97,25.97,25.13,25.16,60900,23.79,170146.0,24.159,24.6825,23.554,25.0440666667,26.4875803306,24.6825,22.8774196694,0.590769441883,0.559480636184,0.0312888056989,57.0878971262,75.8076043453,85.4908993093
262,2013-11-04,25.35,26.0,25.3,26.0,152000,24.58,170310.0,24.09,24.5645,23.5202,25.0367333333,26.5306584372,24.5645,22.5983415628,0.640991879312,0.551658434759,0.0893334445525,70.2029382007,87.5383582662,90.3993271647
263,2013-11-01,25.34,25.57,24.5,25.25,111400,23.87,169128.0,24.0013333333,24.423,23.466,25.0239333333,26.3627123498,24.423,22.4832876502,0.610243181203,0.529325073621,0.0809181075826,63.1922196612,86.9054468738,92.7442648521
264,2013-10-31,25.48,25.59,25.12,25.4,182800,24.01,169016.0,23.937,24.323,23.4228,25.0156,26.2879132296,24.323,22.3580867704,0.638484032983,0.509095546725,0.129388486257,66.0795847948,91.712187752,95.3350367667
265,2013-10-30,25.71,25.71,25.19,25.62,144700,24.22,166872.0,23.8706666667,24.2005,23.375,25.0076666667,26.186928705,24.2005,22.214071295,0.649969861501,0.476748425161,0.17322143634,70.4644355185,95.4413157668,96.6490393045
266,2013-10-29,25.58,25.74,25.37,25.7,331700,24.3,166802.0,23.794,24.076,23.3262,24.9972666667,26.0021609486,24.076,22.1498390514,0.632775848279,0.433443066076,0.199332782203,72.0794696798,96.9181090158,97.0234888142
267,2013-10-28,25.71,25.72,25.16,25.6,78200,24.2,163402.0,23.6906666667,23.9585,23.2654,24.9846666667,25.7565019466,23.9585,22.1604980534,0.593480568155,0.383609870525,0.20987069763,71.316388221,97.2685345325,95.8713326042
268,2013-10-25,25.35,25.76,25.3,25.68,83600,24.28,166560.0,23.594,23.8185,23.2162,24.9683333333,25.5167140619,23.8185,22.1202859381,0.544874875078,0.331142196118,0.21373267896,72.7943048824,96.968197903,94.5864507433
269,2013-10-24,24.88,25.38,24.83,25.38,249700,24.0,167280.0,23.487,23.694,23.1766,24.9504666667,25.1798990544,23.694,22.2081009456,0.466765428641,0.277709026378,0.189056402263,70.6784067563,96.9391138056,93.5230741151
270,2013-10-23,24.49,24.8,24.41,24.78,145600,23.43,163214.0,23.3826666667,23.588,23.155,24.9333333333,24.8655382577,23.588,22.3104617423,0.390825510772,0.230444925812,0.16038058496,65.7282823914,92.3094841759,91.372351019
271,2013-10-22,24.74,24.76,24.29,24.62,160900,23.28,161258.0,23.2993333333,23.51,23.1434,24.9184666667,24.6721875924,23.51,22.3478124076,0.349304735444,0.190349779572,0.158954955872,64.2331010028,92.1290070887,89.717412887
272,2013-10-21,24.04,24.77,23.78,24.7,463100,23.35,159106.0,23.2223333333,23.4335,23.1462,,24.4899710124,23.4335,22.3770289876,0.3075192406,0.150611040604,0.156908199996,65.5610744617,92.7146913902,88.1759862826
273,2013-10-18,24.26,24.26,23.86,24.02,300700,22.71,151806.0,23.1393333333,23.3655,23.1412,,24.2478712371,23.3655,22.4831287629,0.241567292773,0.111383990605,0.130183302168,58.8455201547,88.3362214212,83.6386904404
274,2013-10-17,23.49,24.32,23.39,24.29,324500,22.97,149156.0,23.0736666667,23.3305,23.1532,,24.1602101904,23.3305,22.5007898096,0.223111282379,0.078838165063,0.144273117316,63.403989352,85.6897316478,76.5387469456
275,2013-10-16,23.78,24.31,23.74,24.22,113500,22.9,146054.0,22.9853333333,23.2865,23.162,,23.9920572266,23.2865,22.5809427734,0.168818537733,0.042769885734,0.126048651999,62.7085414835,85.9633006714,66.6498479018
276,2013-10-15,23.51,23.8,23.31,23.7,67200,22.41,147150.0,22.9083333333,23.2415,23.1734,,23.8033282656,23.2415,22.6796717344,0.104192983108,0.0112577227343,0.0929352603735,57.0827543216,74.5655080214,53.7374541065
277,2013-10-14,23.79,23.98,23.37,23.59,68800,22.3,147454.0,22.845,23.1865,23.1934,,23.7728539886,23.1865,22.6001460114,0.0731371954504,-0.0119760923591,0.0851132878095,55.7721412342,59.9364474419,44.3485280815
278,2013-10-11,23.15,23.96,23.08,23.95,222700,22.64,151556.0,22.816,23.142,23.2144,,23.7341688948,23.142,22.5498311052,0.0436349036338,-0.0332544143115,0.0768893179453,61.4775149127,46.1341354724,39.2484193272
279,2013-10-10,23.08,23.32,23.03,23.14,95100,21.88,152772.0,22.7883333333,23.068,23.2206,,23.6051256836,23.068,22.5308743164,-0.0313099837923,-0.0524767437978,0.0211667600055,51.0060615535,34.3137254902,38.7755760545
280,2013-10-09,22.93,23.24,22.83,22.85,50500,21.6,155366.0,22.784,23.0235,23.2558,,23.6664393439,23.0235,22.3805606561,-0.0440387676154,-0.0577684337992,0.0137296661838,46.1386484167,37.0098039216,42.0643403117
281,2013-10-08,23.1,23.25,22.7,22.8,65500,21.56,155754.0,22.8016666667,22.995,23.3028,,23.7123980764,22.995,22.2776019236,-0.0301174878026,-0.0612008503451,0.0310833625426,45.2681187892,39.5360124248,42.672758782
282,2013-10-07,23.14,23.27,22.95,23.17,80400,21.91,154640.0,22.824,22.9705,23.3476,,23.7441271712,22.9705,22.1968728288,-0.00681989083707,-0.0689716909808,0.0621518001437,50.9236421865,44.2427623814,44.1096866732
283,2013-10-04,22.91,23.66,22.91,23.25,153800,21.98,154114.0,22.828,22.9225,23.392,,23.7573622641,22.9225,22.0876377359,-0.0146572141162,-0.0845096410167,0.0698524269005,52.2338369681,47.4687825192,46.0498727456
284,2013-10-03,23.04,23.26,22.64,22.95,110900,21.7,152660.0,22.8226666667,22.8625,23.4444,,23.7643841389,22.8625,21.9606158611,-0.0325927472598,-0.101972747742,0.069380000482,47.5333086978,39.4434778027,47.1473568725
285,2013-10-02,23.33,23.45,22.98,23.13,98000,21.87,152486.0,22.8246666667,22.797,23.4988,,23.8427552295,22.797,21.7512447705,-0.0244654786939,-0.119317747862,0.0948522691684,50.2905801549,45.2837239895,52.0911768309
286,2013-10-01,22.87,23.35,22.85,23.35,97700,22.08,152084.0,22.8263333333,22.736,23.5594,,23.8377694859,22.736,21.6342305141,-0.0320635398525,-0.143030815154,0.110967275302,53.834707598,52.0035066712,56.6265019192
287,2013-09-30,23.08,23.23,22.74,22.8,53200,21.56,152824.0,22.8033333333,22.6585,23.606,,23.7941456313,22.6585,21.5228543687,-0.0636950500606,-0.17077263398,0.107077583919,44.8048990636,51.8587190264,60.0061197569
288,2013-09-27,23.25,23.54,23.09,23.19,111600,21.93,154202.0,22.8146666667,22.6545,23.6714,,23.7886864926,22.6545,21.5203135074,-0.0471418859981,-0.19754202996,0.150400143962,51.4283229108,59.2187576365,64.2718658245
289,2013-09-26,23.21,23.49,23.14,23.26,163800,21.99,154228.0,22.8316666667,22.651,23.7334,,23.7789698578,22.651,21.5230301422,-0.065037420071,-0.23514206595,0.170104645879,52.7274221635,63.4250243427,69.2035217344
290,2013-09-25,23.06,23.62,23.06,23.22,121700,21.95,153486.0,22.8663333333,22.6385,23.7896,,23.7445248641,22.6385,21.5324751359,-0.094059902905,-0.27766822742,0.183608324515,52.085197558,65.521978022,73.5295524376
291,2013-09-24,23.43,23.49,23.01,23.09,132300,21.83,153380.0,22.899,22.6465,23.8418,,23.7713871054,22.6465,21.5216128946,-0.125662273316,-0.323570308549,0.197908035233,50.0367393613,68.9217032967,77.7964698737
292,2013-09-23,23.39,23.52,23.21,23.34,277800,22.07,152996.0,22.9546666667,22.6655,23.899,,23.8317842707,22.6655,21.4992157293,-0.150934211211,-0.373047317357,0.222113106146,54.1724263814,78.9453812762,80.1021442135
293,2013-09-20,23.41,23.65,23.18,23.32,352600,22.05,149676.0,22.9916666667,22.663,23.9506,,23.8236911734,22.663,21.5023088266,-0.206449532506,-0.428575593893,0.222126061387,53.8893096133,80.7291471557,76.8685924428
294,2013-09-19,23.3,23.87,23.2,23.41,222800,22.13,147460.0,23.035,22.6515,24.002,,23.7902760974,22.6515,21.5127239026,-0.272268003942,-0.48410710924,0.211839105299,55.3173075915,82.5896477662,71.4544043874
295,2013-09-18,22.53,23.37,22.39,23.32,268500,22.05,144612.0,23.079,22.6315,24.0442,,23.7296124715,22.6315,21.5333875285,-0.36147968197,-0.537066885565,0.175587203594,54.1901113673,78.1444006558,63.1433383057
296,2013-09-17,22.78,22.91,22.41,22.6,131500,21.37,142600.0,23.128,22.6245,24.078,,23.706636313,22.6245,21.542363687,-0.460924701099,-0.580963686463,0.120038985365,43.6256594894,66.0111741937,54.3422797315
297,2013-09-16,22.79,22.79,22.41,22.7,154400,21.46,144492.0,23.198,22.6275,24.124,,23.7096806688,22.6275,21.5453193312,-0.507839257134,-0.610973432805,0.103134175671,44.9629486923,59.0723949338,47.3025169734
298,2013-09-13,22.33,22.76,22.29,22.47,50600,21.24,145500.0,23.2626666667,22.6495,24.1632,,23.7543343767,22.6495,21.5446656233,-0.570514355824,-0.636756976722,0.0662426208984,41.1073902976,49.3453834395,39.6464872054
299,2013-09-12,22.3,22.42,22.05,22.25,141000,21.04,145690.0,23.3223333333,22.711,24.208,,23.9025519292,22.711,21.5194480708,-0.618794000249,-0.653317631947,0.0345236316979,37.1998547562,42.940166359,33.4643559049
300,2013-09-11,22.38,22.51,22.21,22.28,128500,21.06,149140.0,23.4106666667,22.8135,24.263,,24.1700585133,22.8135,21.4569414867,-0.649015742766,-0.661948539871,0.0129327971052,37.5150367541,37.8521231612,27.89280513
301,2013-09-10,22.28,22.51,22.2,22.31,117800,21.09,153278.0,23.508,22.9095,24.3152,,24.3692736126,22.9095,21.4497263874,-0.681203992412,-0.665181739148,-0.0160222532639,37.8125259284,28.4482758621,22.3809359957
302,2013-09-09,22.05,22.84,22.05,22.21,126700,21.0,172110.0,23.599,23.032,24.3748,,24.6702624942,23.032,21.3937375058,-0.715434027524,-0.661176175832,-0.0542578516922,36.2477381349,24.6168582375,20.8551719354
303,2013-09-06,21.79,22.32,21.79,22.05,323800,20.85,174606.0,23.705,23.144,24.4366,,24.8471547199,23.144,21.4408452801,-0.738535868303,-0.647611712909,-0.0909241553945,33.7718533339,20.6539632592,20.4520431721
304,2013-09-05,22.0,22.2,21.56,21.64,722700,20.46,174224.0,23.8323333333,23.2725,24.4916,,25.0134867892,23.2725,21.5315132108,-0.740988968814,-0.62488067406,-0.116108294753,27.0286473966,15.804646624,22.2416943386
305,2013-09-04,21.76,22.22,21.5,21.91,323600,20.72,170108.0,23.9666666667,23.427,24.546,,25.1084886262,23.427,21.7455113738,-0.691596541191,-0.595853600372,-0.0957429408195,28.8232222414,22.3452196211,27.1006398379
306,2013-09-03,22.86,23.11,21.31,21.8,292800,20.61,169284.0,24.1083333333,23.571,24.6006,,25.200649042,23.571,21.941350958,-0.6459851657,-0.571917865167,-0.0740673005327,26.989355896,23.0043431843,29.7740689537
307,2013-08-30,23.13,23.24,22.64,22.72,85400,21.48,179788.0,24.2376666667,23.716,24.6646,,25.1990023601,23.716,22.2329976399,-0.567172316753,-0.553401040034,-0.0137712767191,33.7407711456,27.8125679249,32.0126764178
308,2013-08-29,23.1,23.24,23.01,23.12,36000,21.86,192682.0,24.3493333333,23.812,24.7034,,25.2730900041,23.812,22.3509099959,-0.552001410399,-0.549958220854,-0.00204318954495,37.5311406037,35.2404286215,31.7159889714
309,2013-08-28,22.98,23.15,22.84,23.01,72000,21.76,196500.0,24.455,23.869,24.7586,,25.3064129539,23.869,22.4315870461,-0.565335978501,-0.549447423468,-0.0158885550336,35.6862160422,33.0389360841,28.6073632326
310,2013-08-27,23.31,23.92,23.31,23.38,82300,21.76,202306.0,24.557,23.9635,24.8228,,25.4110672696,23.9635,22.5159327304,-0.562932667556,-0.545475284709,-0.0174573828464,39.3125758495,31.9587730407,24.3253203055
311,2013-08-26,23.34,23.63,23.3,23.47,69100,21.85,203486.0,24.6386666667,24.0545,24.8848,,25.5710813529,24.0545,22.5379186471,-0.589349784602,-0.541110938998,-0.0482388456048,40.2360871943,26.6258181393,20.2625341051
312,2013-08-23,23.11,23.33,23.1,23.29,92900,21.68,204132.0,24.7213333333,24.133,24.9504,,25.6826076923,24.133,22.5833923077,-0.623658908039,-0.529051227596,-0.0946076804423,37.5098239093,22.8059256662,17.2908597415
313,2013-08-22,23.05,23.36,22.64,23.09,105800,21.49,205522.0,24.809,24.238,25.0134,,25.8289318024,24.238,22.6470681976,-0.640051150562,-0.505399307486,-0.134651843077,34.4234380362,15.9107643759,16.397051414
314,2013-08-21,23.11,23.49,23.01,23.01,75600,21.42,207454.0,24.9023333333,24.377,25.0722,,26.0271163595,24.377,22.7268836405,-0.631300141557,-0.471736346717,-0.159563794841,33.1979658204,15.707628239,19.0289487316
315,2013-08-20,22.7,23.94,22.7,23.18,141200,21.58,209414.0,24.986,24.51,25.1416,,26.126403415,24.51,22.893596585,-0.602802669822,-0.431845398007,-0.170957271816,34.4690016139,14.7391206849,24.1224128463
316,2013-08-19,23.11,23.3,22.6,22.66,161700,21.09,210598.0,25.047,24.659,25.216,,26.3066273851,24.659,23.0113726149,-0.574970585247,-0.389106080053,-0.185864505195,26.4732061706,19.230692356,31.2253441413
317,2013-08-16,23.7,23.86,22.64,23.14,236100,21.54,213498.0,25.1216666667,24.81,25.2968,,26.235748926,24.81,23.384251074,-0.478138061513,-0.342639953754,-0.135498107759,29.5652819252,26.4383536464,37.2224706934
318,2013-08-15,24.01,24.2,23.5,23.7,119600,22.06,215504.0,25.1723333333,24.9565,25.3584,,26.2628885333,24.9565,23.6501114667,-0.396462541234,-0.308765426814,-0.0876971144197,33.848216948,36.081484698,42.0166402563
319,2013-08-14,24.16,24.66,24.07,24.3,46400,22.62,219794.0,25.206,25.086,25.3976,,26.3819382701,25.086,23.7900617299,-0.343466331114,-0.286841148209,-0.056625182905,39.5480644176,43.1508458647,43.2675617066
320,2013-08-13,24.85,24.85,24.14,24.2,47800,22.53,224830.0,25.2293333333,25.1745,25.4432,,26.4853085291,25.1745,23.8636914709,-0.331918930836,-0.272684852483,-0.0592340783532,37.93046877,43.2191985646,42.5302617582
321,2013-08-12,24.23,24.9,24.17,24.76,53300,23.05,229878.0,25.2523333333,25.256,25.4844,,26.516022222,25.256,23.995977778,-0.302170519124,-0.257876332895,-0.0442941862291,44.0613171862,45.6150318979,41.3641596236
322,2013-08-09,24.69,24.86,24.39,24.45,98100,22.76,234644.0,25.27,25.3155,25.5076,,26.5885353491,25.3155,24.0424646509,-0.316823702442,-0.246802786337,-0.0700209161043,38.9925260643,41.085170499,37.6075539389
323,2013-08-08,25.08,25.08,24.45,24.62,168200,22.92,245304.0,25.2983333333,25.389,25.5382,,26.6228054952,25.389,24.1551945048,-0.299354511659,-0.229297557311,-0.070056954348,40.8787457152,40.2016460712,33.0030621896
324,2013-08-07,24.63,24.86,24.57,24.73,169400,23.02,257704.0,25.3043333333,25.4525,25.5698,,26.6516976484,25.4525,24.2533023516,-0.290012315255,-0.211783318724,-0.0782289965304,42.1024525028,38.5547900262,27.2639959792
325,2013-08-06,24.76,24.93,24.51,24.79,168300,23.08,268310.0,25.292,25.492,25.6192,,26.6445380688,25.492,24.3394619312,-0.285069914531,-0.192226069592,-0.0928438449392,42.7506334227,30.5886091593,20.0145402929
326,2013-08-05,24.48,24.91,24.48,24.7,82400,22.99,273338.0,25.287,25.503,25.6816,,26.6324972333,25.503,24.3735027667,-0.280724233396,-0.169015108357,-0.111709125039,41.4961058863,22.6672035017,14.97042799
327,2013-08-02,24.18,24.67,23.75,24.64,273900,22.94,278756.0,25.297,25.513,25.7638,,26.6171394839,25.513,24.4088605161,-0.261930666079,-0.141087827097,-0.120842838982,40.6915614042,17.2453812294,14.3904633977
328,2013-08-01,25.0,25.08,24.06,24.26,283500,22.58,287792.0,25.2976666667,25.514,25.8584,,26.615006812,25.514,24.412993188,-0.228024248653,-0.110877117352,-0.117147131301,35.4729526028,9.55696728118,15.3911978801
329,2013-07-31,25.19,25.19,24.75,24.9,224800,23.18,284098.0,25.3516666667,25.5365,25.9756,,26.5489085144,25.5365,24.5240914856,-0.142739704975,-0.0815903345264,-0.0611493704482,41.1333062345,10.4121599476,23.299801895
330,2013-07-30,25.17,25.46,25.14,25.2,69900,23.46,291478.0,25.3956666667,25.5415,26.0746,,26.5422052513,25.5415,24.5407947487,-0.0969730371533,-0.0663029919144,-0.0306700452389,44.203452107,20.3473451327,33.8661047935
331,2013-07-29,25.37,25.37,24.98,25.04,9800,23.31,296208.0,25.4383333333,25.526,26.1766,,26.5565416052,25.526,24.4954583948,-0.0676930642301,-0.0586354806047,-0.00905758362541,42.0618229905,21.2483191587,44.0161691991
332,2013-07-26,25.84,25.84,25.25,25.39,54100,23.64,299370.0,25.4953333333,25.5385,26.2848,,26.551066541,25.5385,24.525933459,-0.0130456360374,-0.0563710846983,0.0433254486609,45.6184723249,41.1913833409,58.7630154994
333,2013-07-25,25.58,26.15,25.38,25.87,81100,24.08,311848.0,25.5303333333,25.534,26.3824,,26.5499606292,25.534,24.5180393708,0.0212577451981,-0.0672024468635,0.0884601920616,51.1235360626,52.6773715415,68.7606686441
334,2013-07-24,26.2,26.29,25.5,25.67,102200,23.9,320722.0,25.5356666667,25.4805,26.4674,,26.5321173258,25.4805,24.4288826742,0.0158594027722,-0.0893174948789,0.105176897651,48.7297165223,60.9476027554,77.427713397
335,2013-07-23,25.76,26.29,25.64,26.16,77900,24.35,322910.0,25.5626666667,25.415,26.542,,26.5694089397,25.415,24.2605910603,0.0291021089446,-0.115611719292,0.144713828236,54.8401443598,80.2357043597,84.3950678542
336,2013-07-22,26.05,26.29,25.63,25.68,134700,23.91,324522.0,25.5873333333,25.339,26.5978,,26.4873361877,25.339,24.1906638123,-0.00430959494363,-0.151790176351,0.147480581407,49.0259831886,81.1819959198,85.931109627
337,2013-07-19,26.21,26.29,25.78,26.07,122100,24.27,329866.0,25.6213333333,25.305,26.6586,,26.4512024254,25.305,24.1587975746,0.00198033347459,-0.188660321703,0.190640655177,54.3004240721,87.3455505532,87.1728718827
338,2013-07-18,26.2,26.37,26.06,26.29,112900,24.47,335514.0,25.6263333333,25.2345,26.7188,,26.3570234964,25.2345,24.1119765036,-0.0297293263767,-0.236320485497,0.20659115912,57.5432045624,88.8170205842,87.1598214159
339,2013-07-17,25.96,26.38,25.96,26.07,126700,24.27,346822.0,25.6053333333,25.214,26.7578,,26.2717788049,25.214,24.1562211951,-0.0921699565668,-0.287968275277,0.19579831871,55.0505990267,86.3798714507,85.1022216534
340,2013-07-16,26.02,26.2,25.76,25.83,116400,24.05,350886.0,25.6223333333,25.2215,26.7906,,26.3052578143,25.2215,24.1377421857,-0.148126252459,-0.336917854954,0.188791602495,52.2083491671,86.1490449428,81.6988105997
341,2013-07-15,25.98,26.17,25.76,25.95,113100,24.16,358232.0,25.6366666667,25.254,26.8102,,26.4427034954,25.254,24.0652965046,-0.192955906454,-0.384115755578,0.191159849124,53.7874303676,87.2933486859,75.6084405558
342,2013-07-12,25.77,26.24,25.77,25.92,111800,24.13,359906.0,25.6356666667,25.294,26.8198,,26.6196455031,25.294,23.9683544969,-0.259586397095,-0.431905717859,0.172319320764,53.4606619847,80.5866215343,66.2376449244
343,2013-07-11,25.89,26.2,25.63,25.89,241800,24.1,362378.0,25.6376666667,25.32,26.8064,,26.7124510763,25.32,23.9275489237,-0.337800784828,-0.47498554805,0.137184763223,53.1530690382,72.766227236,56.798558744
344,2013-07-10,25.01,25.54,25.0,25.52,80400,23.76,361496.0,25.648,25.327,26.8024,,26.7321918019,25.327,23.9218081981,-0.429662773755,-0.509281738856,0.079618965101,49.3167337978,61.7875647668,47.6927655705
345,2013-07-09,24.93,25.1,24.7,25.01,167900,23.28,362892.0,25.704,25.375,26.7984,,26.866234388,25.375,23.883765612,-0.502989708367,-0.529186480131,0.0261967717638,43.3824204545,49.8101661604,41.3074047841
346,2013-07-08,24.81,24.99,24.65,24.9,226100,23.18,365764.0,25.8006666667,25.4695,26.8014,,27.0901600507,25.4695,23.8488399493,-0.537338054605,-0.535735673072,-0.00160238153332,42.0228536866,42.8302768129,38.1225091319
347,2013-07-05,24.8,24.93,23.83,24.66,204800,22.96,364926.0,25.931,25.5595,26.808,,27.2423841315,25.5595,23.8766158685,-0.562163208464,-0.535335077689,-0.0268281307754,39.058024746,36.3430545419,36.2422206703
348,2013-07-03,24.94,25.1,24.5,24.71,60100,23.0,367028.0,26.088,25.6375,26.82,,27.2907377325,25.6375,23.9842622675,-0.561235849084,-0.528628044995,-0.0326078040895,39.4482765501,36.2461216213,34.8536046858
349,2013-07-02,24.81,25.26,24.7,25.0,313500,23.27,373650.0,26.2683333333,25.685,26.8268,,27.2825669,25.685,24.0874331,-0.556979679853,-0.520476093973,-0.0365035858805,41.6917890037,37.0705835514,31.4025544044
350,2013-07-01,25.47,25.47,24.62,24.89,335400,23.17,372996.0,26.43,25.764,26.8252,,27.3744707386,25.764,24.1535292614,-0.572973010327,-0.511350197503,-0.0616228128247,40.4999214603,35.3091229667,26.2571139446
351,2013-06-28,25.35,25.76,25.1,25.29,1059400,23.54,379120.0,26.6103333333,25.8325,26.823,,27.4045289438,25.8325,24.2604710562,-0.573852162891,-0.495944494296,-0.0779076685948,43.5025054876,30.788590604,20.2823435282
352,2013-06-27,24.84,25.46,24.84,25.3,251500,23.55,360666.0,26.7823333333,25.864,26.8002,,27.4164097397,25.864,24.3115902603,-0.607354613431,-0.476467577148,-0.130887036283,43.5775050408,22.4419204956,16.5737313801
353,2013-06-26,24.6,25.19,24.45,24.8,304700,23.09,358170.0,26.948,25.898,26.7806,,27.4291512009,25.898,24.3668487991,-0.642299855924,-0.443745818077,-0.198554037847,38.6682562842,16.4888217121,17.481372558
354,2013-06-25,24.94,25.2,24.02,24.36,516900,22.68,357796.0,27.1253333333,25.968,26.7726,,27.4178082632,25.968,24.5181917368,-0.626651058438,-0.394107308615,-0.232543749823,33.9738960595,11.410041301,22.7490467065
355,2013-06-24,24.65,25.02,24.4,24.64,282400,22.94,355898.0,27.2933333333,26.11,26.7594,,27.4545147824,26.11,24.7654852176,-0.552762577889,-0.335971371159,-0.216791206729,35.5832725726,15.9541420118,33.9867730677
356,2013-06-21,24.82,25.24,24.8,25.0,818000,23.27,367316.0,27.437,26.2735,26.755,,27.6579172059,26.2735,24.8890827941,-0.478922916127,-0.281773569477,-0.19714934665,37.7163246397,26.0724852071,46.1594801683
357,2013-06-20,25.6,25.67,24.51,24.66,730100,22.96,363456.0,27.561,26.464,26.7534,,28.1174376311,26.464,24.8105623689,-0.41436505088,-0.232486232814,-0.181878818065,34.2603152043,37.5595183062,55.0999387482
358,2013-06-19,26.26,26.97,25.86,25.88,226900,24.09,357348.0,27.7083333333,26.6995,26.7692,,28.5836706398,26.6995,24.8153293602,-0.291320429406,-0.187016528298,-0.104303901108,42.0311612825,56.3609467456,61.1686390533
359,2013-06-18,26.44,26.74,25.95,26.22,362300,24.41,356474.0,27.787,26.9115,26.7508,,29.2728494024,26.9115,24.5501505976,-0.254251542661,-0.160940553021,-0.0933109896402,44.6520767765,64.6449704142,60.7690253123
360,2013-06-17,26.84,27.0,26.37,26.48,141300,24.65,359428.0,27.8366666667,27.093,26.7326,,29.7529857142,27.093,24.4330142858,-0.237858141141,-0.137612805611,-0.10024533553,46.7207962977,61.8343195266,57.0225180802
361,2013-06-14,26.46,26.93,26.38,26.75,101400,24.9,368274.0,27.8476666667,27.284,26.6934,,30.2691994908,27.284,24.2988005092,-0.239947172056,-0.112551471729,-0.127395700328,48.9056624077,61.8343195266,53.0372229593
362,2013-06-13,25.97,26.52,25.81,26.44,162400,24.61,373572.0,27.837,27.469,26.6396,,30.7434764467,27.469,24.1945235533,-0.266614303559,-0.0807025466466,-0.185911756912,46.224570342,54.7624917817,45.3469510406
363,2013-06-12,26.66,26.66,25.77,26.03,202400,24.23,378716.0,27.7973333333,27.6605,26.5924,,31.114897053,27.6605,24.206102947,-0.265209597897,-0.0342246074186,-0.230984990479,42.5204071033,49.6589414859,37.6724166996
364,2013-06-11,26.6,26.75,26.3,26.48,173600,24.65,381182.0,27.786,27.865,26.5518,,31.3925628981,27.865,24.3374371019,-0.217813633974,0.023521640201,-0.241335274175,45.73080648,45.8931390432,29.5910776248
365,2013-06-10,26.8,27.07,26.7,26.9,200400,25.04,382216.0,27.7473333333,28.011,26.5064,,31.5388939893,28.011,24.4831060107,-0.199969132619,0.0838554587449,-0.283824591363,48.93274762,31.0732318517,21.5788285826
366,2013-06-07,26.5,26.76,26.11,26.7,306700,24.86,388488.0,27.6893333333,28.1135,26.4496,,31.6254070318,28.1135,24.6015929682,-0.217048054414,0.154811606586,-0.371859660999,47.3011942713,24.0643544176,17.5640802044
367,2013-06-06,25.5,26.31,25.38,26.22,336400,24.41,392944.0,27.6403333333,28.2145,26.3918,,31.673785909,28.2145,24.755214091,-0.215326270168,0.247776521836,-0.463102792004,43.2613528075,17.3335851868,14.4166557826
368,2013-06-05,26.69,26.86,25.5,25.66,334100,23.89,398950.0,27.6083333333,28.3575,26.3304,,31.7099729678,28.3575,25.0050270322,-0.161123901619,0.363552219836,-0.524676121456,38.1226001899,13.8441428743,12.1466352068
369,2013-06-04,26.41,26.89,26.31,26.58,298200,24.74,409020.0,27.588,28.4865,26.2772,,31.6041868027,28.4865,25.3688131973,-0.0325801671936,0.4947212502,-0.527301417394,44.2341529688,15.014238339,10.3672735776
370,2013-06-03,25.91,26.27,25.8,26.26,300200,24.45,433916.0,27.5326666667,28.543,26.2018,,31.5597605142,28.543,25.5262394858,0.0382895471781,0.626546604549,-0.588257057371,41.1890297989,11.4746567301,9.27285819265
371,2013-05-31,26.05,26.64,25.62,25.92,291600,24.13,669670.0,27.4833333333,28.5705,26.1276,,31.5126181146,28.5705,25.6283818854,0.160769952835,0.773610868892,-0.612840916056,37.8402216059,8.25350288398,10.183866653
372,2013-05-30,25.79,25.98,25.38,25.98,631100,24.18,,27.4243333333,28.596,,,31.4534072163,28.596,25.7385927837,0.34937919856,0.926821097906,-0.577441899345,38.1966272691,6.72669635717,15.837223434
373,2013-05-29,27.02,27.06,25.62,26.2,788200,24.03,,27.369,28.5595,,,31.5644790349,28.5595,25.5545209651,0.578922211125,1.07118157274,-0.492259361617,39.4621152742,10.6365767993,25.7007757088
374,2013-05-28,28.26,28.26,27.1,27.2,699700,24.95,,27.309,28.534,,,31.6260310477,28.534,25.4419689523,0.841081878636,1.19424641315,-0.35316453451,45.8775462004,15.1186905714,38.271201734
375,2013-05-24,28.47,28.5,27.8,27.91,419700,25.6,,27.1923333333,28.44,,,31.7919188534,28.44,25.0880811466,1.06164084512,1.28253754677,-0.220896701658,51.3850658493,30.866930008,53.6208927045
376,2013-05-23,28.66,28.97,28.0,28.81,353300,26.43,,27.076,28.3025,,,31.9432739562,28.3025,24.6617260438,1.25542133186,1.33776172219,-0.0823403903308,59.8408322424,46.1809054566,66.5108661307
377,2013-05-22,30.2,30.2,29.03,29.37,725700,26.94,,26.9463333333,28.1235,,,31.9917826939,28.1235,24.2552173061,1.39285866102,1.35834681977,0.0345118412459,66.1281157028,60.9182808999,77.6562891759
378,2013-05-21,29.94,30.23,29.83,30.12,98800,27.63,,26.8156666667,27.918,,,31.93345315,27.918,23.90254685,1.49100072607,1.34971885946,0.141281866615,76.0673322932,76.5174544536,85.5979971735
379,2013-05-20,30.3,31.1,29.34,29.85,593800,27.38,,26.6436666667,27.6645,,,31.7317028472,27.6645,23.5972971528,1.51821476946,1.31439839281,0.203816376655,74.8012472772,82.4268237126,89.1750357495
380,2013-05-17,30.44,30.71,30.01,30.3,306400,27.79,,26.4923333333,27.418,,,31.5229073071,27.418,23.3130926929,1.55835757001,1.26344429864,0.294913271365,81.4714874185,90.7625976375,90.7089154268
381,2013-05-16,30.5,30.62,30.25,30.45,167900,27.93,,26.2996666667,27.142,,,31.1763752924,27.142,23.1076247076,1.54110917987,1.1897159808,0.351393199069,83.7840201416,92.68511289,89.6630809462
382,2013-05-15,30.2,30.87,29.32,30.27,678000,27.77,,26.0866666667,26.827,,,30.7616059523,26.827,22.8923940477,1.48140510111,1.10186768103,0.37953742008,83.2543810793,90.8256087578,87.5022373473
383,2013-05-14,29.58,30.23,29.5,30.12,524800,27.63,,25.8803333333,26.5295,,,30.2729287759,26.5295,22.7860712241,1.40198054821,1.00698332601,0.394997222198,82.8201814432,88.5623424219,86.4816469098
384,2013-05-13,29.07,29.44,28.82,29.4,211600,26.97,,25.6763333333,26.2435,,,29.7097214297,26.2435,22.7772785703,1.29548621999,0.908234020464,0.387252199525,80.5752665952,86.5792597151,86.5989605432
385,2013-05-10,28.99,29.1,28.72,28.95,158500,26.55,,25.5033333333,25.9585,,,29.273763338,25.9585,22.643236662,1.21402638695,0.811420970583,0.402605416366,78.9812870152,84.0417384943,87.1177988216
386,2013-05-09,29.75,29.75,28.68,28.72,401900,26.34,,25.3403333333,25.732,,,28.8092299232,25.732,22.6547700768,1.13821363442,0.710769616491,0.42744401793,78.129528526,86.7432470077,87.4287890917
387,2013-05-08,28.28,29.58,28.26,29.08,404500,26.67,,25.1766666667,25.542,,,28.3116902354,25.542,22.7723097646,1.04831134106,0.603908612009,0.44440272905,83.0191903757,89.0315969556,87.0709593609
388,2013-05-07,27.57,29.01,27.57,28.24,678300,25.9,,24.979,25.3605,,,27.6049640786,25.3605,23.1160359214,,,,80.3554080245,88.6546128286,86.1338469573
389,2013-05-06,27.26,27.9,27.05,27.71,329900,25.42,,24.8043333333,25.1965,,,27.014138853,25.1965,23.378861147,,,,78.3671840835,85.2856995749,84.8866311116
390,2013-05-03,26.5,27.09,26.25,26.81,483700,24.59,,24.641,25.0765,,,26.4854893541,25.0765,23.6675106459,,,,74.2592277926,85.3119280844,85.6661673889
391,2013-05-02,25.45,26.72,25.35,26.43,196800,24.24,,24.499,24.962,,,26.1425693542,24.962,23.7814306458,,,,72.1886516385,85.2831473413,86.0827229645
392,2013-05-01,25.5,25.5,24.91,25.25,235400,23.16,,,24.8435,,,25.8775652784,24.8435,23.8094347216,,,,63.7899415578,83.6657494458,85.4747893129
393,2013-04-30,25.18,25.79,25.16,25.69,197700,23.56,,,24.785,,,25.8523050173,24.785,23.7176949827,,,,71.2388652194,88.4038446839,84.3295832495
394,2013-04-29,25.36,25.45,25.13,25.32,150200,23.23,,,24.7005,,,25.7349172272,24.7005,23.6660827728,,,,68.3532764667,86.9781503867,80.2982488218
395,2013-04-26,25.3,25.37,24.58,25.16,311500,23.08,,,24.645,,,25.659425946,24.645,23.630574054,,,,67.0248141286,82.8514127351,73.1732764425
396,2013-04-25,25.3,25.44,24.9,25.23,184200,23.14,,,24.59,,,25.6060511798,24.59,23.5739488202,,,,68.1876531881,79.0849251924,65.0962928239
397,2013-04-24,25.0,25.48,24.87,25.26,309900,23.17,,,24.519,,,25.5446490628,24.519,23.4933509372,,,,68.6617174171,72.2785069729,56.5478876128
398,2013-04-23,25.05,25.07,24.75,25.05,391200,22.98,,,24.4135,,,25.5415296982,24.4135,23.2854703018,,,,67.1785056945,58.4782608696,46.7663043478
399,2013-04-22,25.01,25.01,24.49,24.92,280800,22.86,,,24.311,,,25.5555866784,24.311,23.0664133216,,,,66.2605856123,50.5434782609,41.1684782609
400,2013-04-19,24.2,25.17,24.2,24.78,641600,22.73,,,24.2055,,,25.5769587125,24.2055,22.8340412875,,,,65.2898452868,44.8913043478,39.1666666667
401,2013-04-18,24.4,24.4,24.04,24.15,136700,22.15,,,24.094,,,25.6149523332,24.094,22.5730476668,,,,60.5465725283,33.152173913,41.5157458865
402,2013-04-17,24.08,24.45,24.01,24.32,126700,22.31,,,,,,,,,,,,62.6932460271,36.0869565217,50.9351237984
403,2013-04-16,24.35,24.69,24.01,24.4,286000,22.38,,,,,,,,,,,,63.6798315071,42.5362318841,62.7132797076
404,2013-04-15,23.98,24.19,23.7,23.7,422000,21.74,,,,,,,,,,,,58.3550797257,54.287621227,74.374843272
405,2013-04-12,24.75,24.85,23.38,24.42,853300,22.4,,,,,,,,,,,,67.8566071696,70.8296855607,82.1555099996
406,2013-04-11,25.38,25.5,24.79,24.92,625000,22.86,,,,,,,,,,,,75.8169934641,,
407,2013-04-10,24.89,25.68,24.89,25.45,424700,23.34,,,,,,,,,,,,,,
408,2013-04-09,25.28,25.35,24.9,24.96,183200,22.89,,,,,,,,,,,,,,
409,2013-04-08,24.65,25.45,24.46,25.31,510000,23.22,,,,,,,,,,,,,,
410,2013-04-05,23.95,24.74,23.75,24.52,583600,22.49,,,,,,,,,,,,,,
411,2013-04-04,24.11,24.19,23.9,24.06,366300,22.07,,,,,,,,,,,,,,
412,2013-04-03,23.99,24.29,23.4,24.08,419600,22.09,,,,,,,,,,,,,,
413,2013-04-02,24.4,24.43,23.95,24.0,325700,22.01,,,,,,,,,,,,,,
414,2013-04-01,24.24,24.67,24.03,24.21,225300,22.21,,,,,,,,,,,,,,
415,2013-03-28,23.99,24.17,23.82,24.06,514000,22.07,,,,,,,,,,,,,,
416,2013-03-27,23.04,23.85,23.02,23.81,529500,21.84,,,,,,,,,,,,,,
417,2013-03-26,22.99,23.28,22.99,23.15,636700,21.23,,,,,,,,,,,,,,
418,2013-03-25,23.4,23.41,22.81,23.0,837600,21.1,,,,,,,,,,,,,,
419,2013-03-22,22.52,23.22,22.4,22.81,1543000,20.92,,,,,,,,,,,,,,
420,2013-03-21,22.2,23.0,22.1,22.55,12087900,20.68,,,,,,,,,,,,,,
